Sensor Type,Measured Value,Residual Value,Threshold Value,Status
Humidity,87.5737,37.5737,20.0,Unsafe
Pressure,0.9644,0.0356,0.5,Safe
Humidity,73.4387,23.4387,20.0,Unsafe
Humidity,31.9053,18.0947,20.0,Safe
Temperature,47.175,22.175,50.0,Safe
Humidity,46.8779,3.1221,20.0,Safe
Temperature,31.3344,6.3344,50.0,Safe
Humidity,56.8755,6.8755,20.0,Safe
Pressure,0.3561,0.6439,0.5,Unsafe
Pressure,0.5625,0.4375,0.5,Safe
Pressure,0.8946,0.1054,0.5,Safe
Humidity,80.5088,30.5088,20.0,Unsafe
Humidity,60.1076,10.1076,20.0,Safe
Temperature,-56.0826,81.0826,50.0,Unsafe
Temperature,-46.89,71.89,50.0,Unsafe
Temperature,53.6153,28.6153,50.0,Safe
Temperature,83.5308,58.5308,50.0,Unsafe
Pressure,0.1994,0.8006,0.5,Unsafe
Humidity,82.0491,32.0491,20.0,Unsafe
Pressure,0.281,0.719,0.5,Unsafe
Humidity,62.9639,12.9639,20.0,Safe
Humidity,55.9529,5.9529,20.0,Safe
Pressure,0.7012,0.2988,0.5,Safe
Pressure,0.2895,0.7105,0.5,Unsafe
Humidity,80.446,30.446,20.0,Unsafe
Temperature,37.4027,12.4027,50.0,Safe
Temperature,-53.7044,78.7044,50.0,Unsafe
Humidity,47.0588,2.9412,20.0,Safe
Pressure,0.1228,0.8772,0.5,Unsafe
Pressure,0.3637,0.6363,0.5,Unsafe
Pressure,0.2587,0.7413,0.5,Unsafe
Temperature,-23.9726,48.9726,50.0,Safe
Temperature,-6.145,31.145,50.0,Safe
Temperature,103.6182,78.6182,50.0,Unsafe
Pressure,0.2057,0.7943,0.5,Unsafe
Temperature,-39.4043,64.4043,50.0,Unsafe
Temperature,104.2479,79.2479,50.0,Unsafe
Pressure,0.8614,0.1386,0.5,Safe
Pressure,0.3289,0.6711,0.5,Unsafe
Pressure,0.9619,0.0381,0.5,Safe
Pressure,0.4449,0.5551,0.5,Unsafe
Pressure,0.2654,0.7346,0.5,Unsafe
Humidity,52.0918,2.0918,20.0,Safe
Pressure,0.7496,0.2504,0.5,Safe
Pressure,0.3522,0.6478,0.5,Unsafe
Humidity,77.7606,27.7606,20.0,Unsafe
Pressure,0.8645,0.1355,0.5,Safe
Temperature,44.6914,19.6914,50.0,Safe
Pressure,0.7882,0.2118,0.5,Safe
Temperature,-48.8061,73.8061,50.0,Unsafe
Temperature,98.1293,73.1293,50.0,Unsafe
Pressure,0.2594,0.7406,0.5,Unsafe
Temperature,12.3303,12.6697,50.0,Safe
Pressure,0.1809,0.8191,0.5,Unsafe
Humidity,32.0295,17.9705,20.0,Safe
Pressure,0.7173,0.2827,0.5,Safe
Temperature,79.7015,54.7015,50.0,Unsafe
Temperature,107.3228,82.3228,50.0,Unsafe
Pressure,0.4707,0.5293,0.5,Unsafe
Temperature,-53.3517,78.3517,50.0,Unsafe
Temperature,45.7345,20.7345,50.0,Safe
Temperature,-6.0968,31.0968,50.0,Safe
Temperature,124.4782,99.4782,50.0,Unsafe
Humidity,80.8281,30.8281,20.0,Unsafe
Pressure,0.1027,0.8973,0.5,Unsafe
Pressure,0.3531,0.6469,0.5,Unsafe
Humidity,20.5722,29.4278,20.0,Unsafe
Temperature,-46.5463,71.5463,50.0,Unsafe
Temperature,80.1721,55.1721,50.0,Unsafe
Humidity,73.3183,23.3183,20.0,Unsafe
Temperature,22.0922,2.9078,50.0,Safe
Pressure,0.343,0.657,0.5,Unsafe
Pressure,0.0575,0.9425,0.5,Unsafe
Humidity,67.1593,17.1593,20.0,Safe
Humidity,13.6962,36.3038,20.0,Unsafe
Pressure,0.4815,0.5185,0.5,Unsafe
Pressure,0.0201,0.9799,0.5,Unsafe
Temperature,47.4503,22.4503,50.0,Safe
Humidity,71.087,21.087,20.0,Unsafe
Temperature,0.5849,24.4151,50.0,Safe
Humidity,59.0741,9.0741,20.0,Safe
Pressure,0.6471,0.3529,0.5,Safe
Pressure,0.0014,0.9986,0.5,Unsafe
Humidity,52.4818,2.4818,20.0,Safe
Temperature,25.6232,0.6232,50.0,Safe
Pressure,0.8537,0.1463,0.5,Safe
Pressure,0.8658,0.1342,0.5,Safe
Humidity,7.9831,42.0169,20.0,Unsafe
Temperature,33.6894,8.6894,50.0,Safe
Temperature,84.6184,59.6184,50.0,Unsafe
Humidity,17.8339,32.1661,20.0,Unsafe
Temperature,3.8643,21.1357,50.0,Safe
Pressure,0.5897,0.4103,0.5,Safe
Pressure,0.3032,0.6968,0.5,Unsafe
Pressure,0.9231,0.0769,0.5,Safe
Pressure,0.745,0.255,0.5,Safe
Temperature,92.2109,67.2109,50.0,Unsafe
Pressure,0.6482,0.3518,0.5,Safe
Humidity,26.3896,23.6104,20.0,Unsafe
Temperature,124.3959,99.3959,50.0,Unsafe
Humidity,87.57261760126569,37.572702602473605,19.983523042512605,Unsafe
Pressure,0.9252617075995596,0.02540797874378673,0.5443208365702965,Safe
Humidity,73.42933812825605,23.477905881074477,19.98641974945246,Unsafe
Humidity,31.92668005136782,18.116834691750544,20.02507670167131,Safe
Temperature,47.216073738299016,22.129681194592074,49.975532271281594,Safe
Humidity,46.876836570880265,3.1596640934064513,19.973600816527217,Safe
Temperature,31.330413259571046,6.323492884068934,50.03350052445038,Safe
Humidity,56.84634749640012,6.912162888002083,19.987705393959352,Safe
Pressure,0.34365703195882497,0.6493309160780483,0.4594579230725056,Unsafe
Pressure,0.5634895308849035,0.4241114623713406,0.5143369982575531,Safe
Pressure,0.9128546851655569,0.15428954867113098,0.5066447848464817,Safe
Humidity,80.50847922990324,30.541682481449254,20.022593117840483,Unsafe
Humidity,60.13723370743137,10.061855076824227,20.049830905734,Safe
Temperature,-56.03438141815761,81.09149694647245,49.98482775104271,Unsafe
Temperature,-46.88277078876126,71.88959266056854,50.02458886156882,Unsafe
Temperature,53.632861143370924,28.593097698942405,49.974104471487514,Safe
Temperature,83.49947986819777,58.48157866089465,49.9520567253076,Unsafe
Pressure,0.22550067040000765,0.7793169630433493,0.4783030419750524,Unsafe
Humidity,82.06298695815933,32.0370093469323,20.041336550219736,Unsafe
Pressure,0.2595940938810287,0.6825480745222272,0.5099491674605007,Unsafe
Humidity,62.98352133703195,12.981851572920133,19.967347429411287,Safe
Humidity,55.923009257432476,5.961494156250855,19.97115508685823,Safe
Pressure,0.7238084254866826,0.261278998798355,0.5272486250070028,Safe
Pressure,0.29703069371527396,0.6625312372461291,0.4860515220261668,Unsafe
Humidity,80.4663109858965,30.43266164087078,20.030215117603735,Unsafe
Temperature,37.4128629670601,12.358468565101647,50.04276803834185,Safe
Temperature,-53.74924181566652,78.73637475932911,49.989860646750095,Unsafe
Humidity,47.0132848459972,2.940431719368102,20.01377435065902,Safe
Pressure,0.12806971314680385,0.8634274419672523,0.4834138983688822,Unsafe
Pressure,0.37039240819455477,0.6714706201202948,0.5252925729407555,Unsafe
Pressure,0.29421204640834564,0.7871095539545642,0.5289785634422629,Unsafe
Temperature,-23.970974862434083,49.00658156088353,49.97659501839015,Safe
Temperature,-6.148204270141224,31.11705764077251,49.960769109680825,Safe
Temperature,103.66422434581624,78.66189531984824,49.95393528528391,Unsafe
Pressure,0.19332551134958265,0.8363716948843272,0.46141399923307963,Unsafe
Temperature,-39.436043727730386,64.3881837186646,50.044507626880296,Unsafe
Temperature,104.22296176512758,79.24261247090811,49.95043275383868,Unsafe
Pressure,0.8801007066749771,0.1661296056026948,0.5305530663774861,Safe
Pressure,0.3009668505934653,0.6704176942937596,0.4863420149990077,Unsafe
Pressure,0.9963422934173576,0.056856004166715206,0.5133680061292805,Safe
Pressure,0.41100244766530214,0.592108407075862,0.5096078501981098,Unsafe
Pressure,0.22273316457506157,0.7380800059187226,0.46833346618081284,Unsafe
Humidity,52.04791494147313,2.075046276975483,20.028230213829275,Safe
Pressure,0.7559698611496085,0.29919888933516176,0.45742359298663426,Safe
Pressure,0.3068121790408625,0.6231117763926275,0.4606779804463641,Unsafe
Humidity,77.75241469288693,27.774405965773976,20.047676611040092,Unsafe
Pressure,0.8441603410550172,0.1800910339769966,0.45332716404046797,Safe
Temperature,44.71057478395271,19.676115116724915,49.968440104049364,Safe
Pressure,0.7603520398062742,0.20974502185771413,0.5095865612936156,Safe
Temperature,-48.84467232079114,73.80707232064937,49.982612189188266,Unsafe
Temperature,98.1218979810741,73.1125846373269,50.017624558059005,Unsafe
Pressure,0.27524906775251545,0.7776011831507803,0.4788873503736925,Unsafe
Temperature,12.354611948080025,12.694447388350746,49.9807455017012,Safe
Pressure,0.18082096996309202,0.7836201999421227,0.46079871579260556,Unsafe
Humidity,32.02643873549914,18.006082330635103,20.046375181907607,Safe
Pressure,0.758575733856789,0.32107222621625153,0.48974505140996233,Safe
Temperature,79.65223782835864,54.751364040761615,49.98317609144307,Unsafe
Temperature,107.3134746932952,82.3710341983871,50.00889347812558,Unsafe
Pressure,0.4653533910222837,0.5600595755603877,0.5489969335233955,Unsafe
Temperature,-53.3404149212097,78.31496084809,49.95653397990103,Unsafe
Temperature,45.75480310348336,20.733450590935973,50.0425508054925,Safe
Temperature,-6.0832152678321725,31.109769248784968,50.0241472218851,Safe
Temperature,124.52332498026237,99.48486994920201,50.039173117484445,Unsafe
Humidity,80.80425905970576,30.841095958603322,19.973952874124873,Unsafe
Pressure,0.10915685703308046,0.9056096416785824,0.5205316974294287,Unsafe
Pressure,0.3897894963397346,0.6348436452988251,0.5117151404250532,Unsafe
Humidity,20.604969825496784,29.441262195027207,19.99536742261519,Unsafe
Temperature,-46.574842847044046,71.53441635634194,49.99098069019862,Unsafe
Temperature,80.17413086910919,55.19750659322273,49.98612683942271,Unsafe
Humidity,73.36173041306499,23.315856205056956,19.982573374345858,Unsafe
Temperature,22.071254441772968,2.947160392698615,50.047734154058126,Safe
Pressure,0.3579344420374379,0.7020798707010127,0.5404232062548809,Unsafe
Pressure,0.023356095866032295,0.9394578342992326,0.4775966295476065,Unsafe
Humidity,67.20047639215716,17.177861413070413,19.983698091438285,Safe
Humidity,13.68558004648343,36.34870994387291,20.02349499080614,Unsafe
Pressure,0.5174029577274049,0.5391789832583889,0.5000259988141972,Unsafe
Pressure,0.019022855068432848,1.0131715972974202,0.5328732540987708,Unsafe
Temperature,47.455513357240875,22.47142254910123,49.98790186176666,Safe
Humidity,71.07790434072724,21.134657558790394,20.0142244268255,Unsafe
Temperature,0.6227366470522692,24.4489303558706,49.95147226069642,Safe
Humidity,59.06959126315483,9.035418033715452,20.02178774296574,Safe
Pressure,0.64807696052391,0.3686967464842038,0.5171071872602278,Safe
Pressure,-0.027030267108406142,0.9732149699272077,0.5050826293451882,Unsafe
Humidity,52.435538100940875,2.4458593012617857,20.043796892529272,Safe
Temperature,25.644598869662822,0.6450200887940788,50.04972331881361,Safe
Pressure,0.8668928656520861,0.16083312077395628,0.516755383014935,Safe
Pressure,0.8678355515567754,0.11148380424309874,0.5070375893287246,Safe
Humidity,7.951147219107049,42.04993964203604,20.016628836679597,Unsafe
Temperature,33.72149176123739,8.66014202373992,50.01593800530035,Safe
Temperature,84.6075699363469,59.63157937956388,50.03270173742791,Unsafe
Humidity,17.866045384498936,32.20182490314461,19.959686647024864,Unsafe
Temperature,3.862369398346509,21.124063066742277,49.95844767712092,Safe
Pressure,0.5930138540678545,0.381773136249635,0.4590030118415355,Safe
Pressure,0.31841927239935,0.7190809190660897,0.47308708841315267,Unsafe
Pressure,0.9441671715147627,0.0584741341653606,0.46127555142219934,Safe
Pressure,0.7345905736867061,0.26900366572655854,0.4864504704376693,Safe
Temperature,92.18118259978927,67.23285058207755,49.99483034671439,Unsafe
Pressure,0.687773662177311,0.3760562390693023,0.48830238431347145,Safe
Humidity,26.410082021413494,23.567540069271754,20.023356290854323,Unsafe
Temperature,124.41405819596832,99.41870780595985,50.04149682297591,Unsafe
Humidity,87.53517095930756,37.57550103515202,20.022192116831526,Unsafe
Pressure,0.932789610214018,0.007830057775197831,0.4782612096282614,Safe
Humidity,73.46679686060823,23.447892216836998,19.992080900062827,Unsafe
Humidity,31.934987287733474,18.117789651031114,20.00245447491609,Safe
Temperature,47.21878313177907,22.15742546675044,49.960121819726254,Safe
Humidity,46.893943979822325,3.1389777283038987,20.035392033323234,Safe
Temperature,31.295004980077792,6.323631476733634,49.98609905793745,Safe
Humidity,56.84923380393523,6.913673881811628,19.968829658306962,Safe
Pressure,0.3972537927920187,0.645056296824985,0.5481882768299441,Unsafe
Pressure,0.5360157125775552,0.46462662201155264,0.5331299264016981,Safe
Pressure,0.9389024049171024,0.1150890364797516,0.5242530048363877,Safe
Humidity,80.46203736842142,30.484520904125247,19.98119421451116,Unsafe
Humidity,60.058314313548124,10.063995746824228,19.973129961147336,Safe
Temperature,-56.03523123134298,81.12466617819155,50.01200219842182,Unsafe
Temperature,-46.86395250116953,71.93526078586774,49.9688632533884,Unsafe
Temperature,53.61703196058138,28.59848525541144,49.96307836068229,Safe
Temperature,83.54298287931802,58.48739570516798,49.980383284929175,Unsafe
Pressure,0.21457104536355553,0.80595232307566,0.4960804391497461,Unsafe
Humidity,82.04236904753884,32.008481059264135,20.02432218996111,Unsafe
Pressure,0.32780232958856437,0.7449016687167473,0.48772108907392486,Unsafe
Humidity,62.99742753971294,13.001653753920818,20.03484206750807,Safe
Humidity,55.93828885303682,5.920204866041483,20.023535575694055,Safe
Pressure,0.7027132976564803,0.26956835107673394,0.5084631605690507,Safe
Pressure,0.2897334149146131,0.7407410803376356,0.485220567488186,Unsafe
Humidity,80.40699138815182,30.493475822898596,20.013381712997415,Unsafe
Temperature,37.38107907353828,12.452425837906235,50.01536907809932,Safe
Temperature,-53.70627163410331,78.75152590014503,49.98537279716113,Unsafe
Humidity,47.10165462975512,2.974078119212306,20.009224286522468,Safe
Pressure,0.08684975800830294,0.858869434185091,0.4872175852273742,Unsafe
Pressure,0.4057010860712316,0.6409435354960806,0.5300636738690762,Unsafe
Pressure,0.2656741985959897,0.7561141803165949,0.511418628062962,Unsafe
Temperature,-23.976049325175694,48.961640845015154,50.0262725629023,Safe
Temperature,-6.151230177738856,31.18585041687077,49.99919342434461,Safe
Temperature,103.61422043181906,78.6288060119088,50.049485360858654,Unsafe
Pressure,0.22332267236639874,0.7753831403722311,0.46258665808449306,Unsafe
Temperature,-39.38676912363644,64.39138882394518,49.95881375478126,Unsafe
Temperature,104.26305892501443,79.24051414431375,49.97272494014865,Unsafe
Pressure,0.887386564541282,0.13479742216890725,0.5071258854820089,Safe
Pressure,0.33397779096225627,0.6611994567088746,0.5419187851566354,Unsafe
Pressure,0.9750254942133847,0.025514318604400912,0.45382134531562923,Safe
Pressure,0.39654365355767807,0.5104108884000415,0.4743467260793729,Unsafe
Pressure,0.28927517207861725,0.7010125162675677,0.45488262212566893,Unsafe
Humidity,52.07674579648744,2.1398592649234547,20.044016157876637,Safe
Pressure,0.7814235638755331,0.27924720523009083,0.48290314179175553,Safe
Pressure,0.3923251970164307,0.6153677840585698,0.4931803979129811,Unsafe
Humidity,77.80354815416018,27.72128172347659,20.043891208963263,Unsafe
Pressure,0.8871861454355413,0.1684382544876995,0.5307814467664782,Safe
Temperature,44.706528883635976,19.659844329918062,49.98658217956326,Safe
Pressure,0.79077227040937,0.16434721890588974,0.5432796378669049,Safe
Temperature,-48.784579147863056,73.78865401151593,50.0040770004798,Unsafe
Temperature,98.09171494016736,73.11526497489172,49.97629435716894,Unsafe
Pressure,0.21343311350563948,0.7649989119248711,0.4724401236976653,Unsafe
Temperature,12.295884286622842,12.666325627600042,49.972802304691406,Safe
Pressure,0.149989986670847,0.8114630519722331,0.5056265921207009,Unsafe
Humidity,32.02916974645257,17.93362339366284,20.02104584004214,Safe
Pressure,0.6972243446372819,0.24127202932485997,0.45148049509895805,Safe
Temperature,79.69886395397221,54.713646509709974,49.98276494972069,Unsafe
Temperature,107.3655294065785,82.31438633676274,50.041383786013746,Unsafe
Pressure,0.5153064179746756,0.5333130402361179,0.49222772838843193,Unsafe
Temperature,-53.39257152501336,78.35197923227027,50.01625103442846,Unsafe
Temperature,45.74712855000482,20.757366426016116,50.022777798181366,Safe
Temperature,-6.088016430656936,31.146664827548392,50.02324346241606,Safe
Temperature,124.43986406774002,99.43754213583796,49.97018983467043,Unsafe
Humidity,80.79950078316718,30.813320120904535,19.996463334915614,Unsafe
Pressure,0.06603268795060677,0.9065715482231494,0.5003625976750588,Unsafe
Pressure,0.40021287909364134,0.6691148400553231,0.5419834198125775,Unsafe
Humidity,20.53408281070808,29.441509928318837,19.994485874594,Unsafe
Temperature,-46.50648248424644,71.51891473798283,50.012987066042285,Unsafe
Temperature,80.13352247319575,55.20129090201945,49.95232095648511,Unsafe
Humidity,73.29465587108403,23.28053369422408,19.954093010389656,Unsafe
Temperature,22.10018226529704,2.89122821388082,49.98286917797991,Safe
Pressure,0.34926314913993095,0.6619735502236559,0.520761424464906,Unsafe
Pressure,0.02160062313911401,0.9188215873804818,0.5496205904538802,Unsafe
Humidity,67.16260463740852,17.117837696712897,20.028933959409866,Safe
Humidity,13.732533849622284,36.285450958614184,19.960778332412346,Unsafe
Pressure,0.5033086897220623,0.5536099458211317,0.5112903395931151,Unsafe
Pressure,0.02781931131320759,0.9733960580972258,0.5407395213964654,Unsafe
Temperature,47.44173106108215,22.41597228560757,49.99754210084595,Safe
Humidity,71.05291551175809,21.11280980612774,20.01973178711514,Unsafe
Temperature,0.5902662634939443,24.376127201747604,49.99636957190914,Safe
Humidity,59.03336583153014,9.111000795497272,20.017587645591306,Safe
Pressure,0.6553820816734803,0.3439332516454717,0.5255242052781482,Safe
Pressure,0.030569818653302633,0.9926175326907152,0.5343362601940491,Unsafe
Humidity,52.45840792166935,2.531192397727464,19.986995490731637,Safe
Temperature,25.606258280628467,0.587575495034443,49.96165616538097,Safe
Pressure,0.8578664698529427,0.1569015682726167,0.5463411810343322,Safe
Pressure,0.829856136666394,0.09474638009577963,0.5350131301020313,Safe
Humidity,8.029434931490739,42.0614403645615,20.02182263883253,Unsafe
Temperature,33.72342047744741,8.69989643893636,49.96295143110144,Safe
Temperature,84.62490885390784,59.622003147410226,49.98525449603687,Unsafe
Humidity,17.868138462335445,32.20107571314452,19.983136520153003,Unsafe
Temperature,3.8900595741112265,21.158905162613163,49.9849210226799,Safe
Pressure,0.5634694190188287,0.4423882623100147,0.5044970532898846,Safe
Pressure,0.30736443825001536,0.709856310486492,0.5147716349920094,Unsafe
Pressure,0.9012163306895321,0.09902518139675746,0.5389815986847646,Safe
Pressure,0.7620931415071721,0.2614192972600315,0.4965954306221983,Safe
Temperature,92.19703856571465,67.24250741534509,49.99706331430289,Unsafe
Pressure,0.6887803586224455,0.3793074820489946,0.4935471928185092,Safe
Humidity,26.371988018750493,23.647606414336988,19.987251651059733,Unsafe
Temperature,124.34649947386306,99.4267274321878,50.03270715342866,Unsafe
Humidity,87.58819564474425,37.5456029387523,20.024461426365196,Unsafe
Pressure,1.0017342103658116,-0.007907560301608878,0.5017394155984742,Safe
Humidity,73.40888808648764,23.440070130480944,19.955540642682408,Unsafe
Humidity,31.943396919998055,18.126605344108626,20.005592375827234,Safe
Temperature,47.192660169655774,22.224571563882467,49.97426410855837,Safe
Humidity,46.91418520644843,3.118161591960776,20.02151453414667,Safe
Temperature,31.346551140461155,6.310160791026494,49.95956584869345,Safe
Humidity,56.85009842193897,6.909292402995936,19.956830020415936,Safe
Pressure,0.3778239757124459,0.6392818761194894,0.5425670370005068,Unsafe
Pressure,0.5432138983376819,0.4856884012618038,0.4630892569483077,Safe
Pressure,0.9389868050577295,0.06773686035123215,0.47223064911533974,Safe
Humidity,80.4651264688307,30.49741505211306,20.031752410840898,Unsafe
Humidity,60.132200157532964,10.14300597189289,20.04085583672522,Safe
Temperature,-56.12417209132877,81.12385218781648,50.04714773241524,Unsafe
Temperature,-46.90795924624129,71.88957648633686,50.009092002643406,Unsafe
Temperature,53.656005584577,28.62931408771132,49.98126442787571,Safe
Temperature,83.55820377792611,58.57349694742032,49.95724642732591,Unsafe
Pressure,0.20327757295351961,0.7649854833191597,0.46715644951337754,Unsafe
Humidity,82.06627503084701,32.06705802658662,20.03462467228524,Unsafe
Pressure,0.28914928973746207,0.7287270520637066,0.4586242912974045,Unsafe
Humidity,62.9959763425011,12.947014651245194,20.00343456758391,Safe
Humidity,55.994074340412745,5.991959446548923,20.00546844813625,Safe
Pressure,0.6541065697832764,0.3178985071306326,0.4694698362301261,Safe
Pressure,0.3069048357390255,0.7276058774750008,0.5302112110178234,Unsafe
Humidity,80.44909008489289,30.46962460986679,19.964427719148848,Unsafe
Temperature,37.4220546012377,12.42701559725603,50.03046142624036,Safe
Temperature,-53.738242586618355,78.70465812891477,50.002709962192824,Unsafe
Humidity,47.0444304152149,2.906394331832093,20.028037380725927,Safe
Pressure,0.13246461964246917,0.8375192073188779,0.5092676534646234,Unsafe
Pressure,0.35489608341120854,0.6119935609837801,0.4833096994155712,Unsafe
Pressure,0.21152546146403242,0.7336793519466572,0.5464068833302753,Unsafe
Temperature,-23.987360006468347,48.98374322888285,50.03050462437708,Safe
Temperature,-6.145541520055186,31.177417337404147,50.004932824399155,Safe
Temperature,103.60455330987101,78.63601090451591,50.01364769350349,Unsafe
Pressure,0.1667744087747905,0.8248057856701363,0.452360090447249,Unsafe
Temperature,-39.42728163968877,64.4036692093292,50.040012025019756,Unsafe
Temperature,104.23947297470494,79.24858815593892,50.01126072447647,Unsafe
Pressure,0.8924866922621845,0.11237962557016674,0.5010611395198752,Safe
Pressure,0.31373086940445943,0.7197718112103397,0.476819429498577,Unsafe
Pressure,0.9684586282354446,0.08673601089944052,0.4889564097617541,Safe
Pressure,0.39618750880675163,0.5808303297379419,0.5380667007001988,Unsafe
Pressure,0.2749388020444243,0.7587813875304582,0.5465940907981344,Unsafe
Humidity,52.05748943677914,2.1405157920405524,20.025614196443144,Safe
Pressure,0.7445280711681823,0.2744440791164136,0.4829671233386289,Safe
Pressure,0.3572436041595456,0.6834038744012594,0.5448014495366755,Unsafe
Humidity,77.76433659298138,27.81009710035479,20.03359530030344,Unsafe
Pressure,0.8492496407706699,0.09505867712401872,0.48176613189422274,Safe
Temperature,44.71642449021136,19.6838672612264,49.977115007992815,Safe
Pressure,0.801358118954644,0.18168384477198055,0.4798669404357031,Safe
Temperature,-48.81005714426656,73.83528796888265,49.98254432620717,Unsafe
Temperature,98.14329939233762,73.13198634103124,49.97050861758372,Unsafe
Pressure,0.2336079100916394,0.744049773087426,0.45745419705342827,Unsafe
Temperature,12.342187477138545,12.628265523369723,50.03137545466119,Safe
Pressure,0.18569647523735705,0.8672092532873175,0.4866678451430101,Unsafe
Humidity,32.07820352475818,17.959802459469024,20.03590363665597,Safe
Pressure,0.7307063079906898,0.2983117220331181,0.5450552475534518,Safe
Temperature,79.73378674487442,54.72229223537527,50.03638249173341,Unsafe
Temperature,107.37221124649163,82.30047733985575,50.02524163900908,Unsafe
Pressure,0.4656858805273555,0.49561091723970807,0.5120209632948017,Unsafe
Temperature,-53.307561077034926,78.40092011354842,50.037697124902714,Unsafe
Temperature,45.764939836950944,20.712102247648282,49.955266681386476,Safe
Temperature,-6.145017560864802,31.09818649956944,50.01840283764423,Safe
Temperature,124.43684994770504,99.4520373413079,49.97117903897898,Unsafe
Humidity,80.82056087172633,30.836092978566743,20.024664039769732,Unsafe
Pressure,0.07228572589157586,0.8531720593383166,0.4754879436001209,Unsafe
Pressure,0.3350622947937635,0.597584739238048,0.4681173291010856,Unsafe
Humidity,20.571804610944476,29.44234142509205,19.962665470623048,Unsafe
Temperature,-46.50702438189821,71.53652657693193,50.014496155036085,Unsafe
Temperature,80.19592139268214,55.217556596807015,49.98596908091367,Unsafe
Humidity,73.35336964166953,23.30355984389416,20.038533231707994,Unsafe
Temperature,22.07951004102751,2.928504746801496,49.974401585220804,Safe
Pressure,0.2963864489801047,0.6468195872381236,0.5141399471535031,Unsafe
Pressure,0.039096925592696716,0.9170052484954019,0.45545647464073546,Unsafe
Humidity,67.1553712363017,17.188588215564018,19.971774561479624,Safe
Humidity,13.684529235153896,36.32166684597989,19.97169176244186,Unsafe
Pressure,0.4716828074464986,0.5471821719988262,0.48326487930639633,Unsafe
Pressure,-0.008912279223154459,1.0296818891035613,0.5091469200808335,Unsafe
Temperature,47.42537273638947,22.423833563508627,50.00786860562926,Safe
Humidity,71.1256792251153,21.065810095314443,20.045068443130447,Unsafe
Temperature,0.5811238687765449,24.45116702151781,50.020795479196934,Safe
Humidity,59.085035309466676,9.028855931987753,20.00335860298275,Safe
Pressure,0.6484340928425343,0.33167067337152356,0.5279184815056562,Safe
Pressure,-0.03392493864600564,1.0364660446905205,0.49378958443924326,Unsafe
Humidity,52.499803359991446,2.4829019466921247,20.01113357573149,Safe
Temperature,25.61412698272391,0.613071372115453,49.95589207393103,Safe
Pressure,0.8136712659011462,0.12428953448794264,0.5082567788226732,Safe
Pressure,0.8449834820714679,0.14065510997860087,0.47068595611473757,Safe
Humidity,7.968823872892998,42.011947138170946,19.988602457680482,Unsafe
Temperature,33.658212459577804,8.658972569517617,50.035102498181026,Safe
Temperature,84.60149102806389,59.61004047831294,50.00920452850963,Unsafe
Humidity,17.82583364240974,32.1602549364115,20.02849935510355,Unsafe
Temperature,3.843734928526951,21.16424231201671,50.04592523664763,Safe
Pressure,0.6153327311590715,0.3753094466228334,0.5366858815253993,Safe
Pressure,0.3511973657852178,0.7295008947949866,0.5402475760726133,Unsafe
Pressure,0.8868061635416147,0.0681794613568527,0.500036928983154,Safe
Pressure,0.7665439250809736,0.2684250963496482,0.45444254931926115,Safe
Temperature,92.25701057041974,67.23653952367191,49.98817020201068,Unsafe
Pressure,0.6242293289429168,0.3905422744292754,0.47367951229191163,Safe
Humidity,26.392006026586124,23.590112363498495,19.962465204466387,Unsafe
Temperature,124.36531823889729,99.43045230644367,50.025995890539214,Unsafe
Humidity,87.60958040332106,37.56377450724525,19.957266339438057,Unsafe
Pressure,1.0097293281705513,0.0007150976968392925,0.5243198796221901,Safe
Humidity,73.3929208332894,23.415012431964996,20.041984142002708,Unsafe
Humidity,31.93048059987333,18.09832651135087,19.98669334728987,Safe
Temperature,47.17493453803815,22.22407885048634,49.95429577323606,Safe
Humidity,46.906813047627764,3.1081197010973565,19.997044287476495,Safe
Temperature,31.325845614850518,6.343876754807408,50.00533292388193,Safe
Humidity,56.856638548743454,6.836820835734211,19.98986059152245,Safe
Pressure,0.3838314490734774,0.6343049619181006,0.47801370908180096,Unsafe
Pressure,0.547963806515545,0.4137134050127915,0.5309629951685635,Safe
Pressure,0.9163118706429204,0.14290575242837006,0.4993638246443294,Safe
Humidity,80.55673331307416,30.49880341743172,19.952635981447735,Unsafe
Humidity,60.12136010632307,10.114288684103643,20.013678155064845,Safe
Temperature,-56.07659613179966,81.11756931286214,49.972503831248794,Unsafe
Temperature,-46.84079414613701,71.9278694423913,49.955001223315655,Unsafe
Temperature,53.606083889414215,28.59501380844796,50.00348474463507,Safe
Temperature,83.54261331585361,58.48641279650112,50.048183747094384,Unsafe
Pressure,0.16269279291657612,0.7657226932255546,0.5029839814301107,Unsafe
Humidity,82.05076355263384,32.007865943571545,20.024023625560186,Unsafe
Pressure,0.3209791289033933,0.7350170228627689,0.5062733288691899,Unsafe
Humidity,63.00550271580983,12.933666260009039,20.019257691012353,Safe
Humidity,55.93832912751157,5.935166090351055,19.95659291328748,Safe
Pressure,0.7485508343795357,0.27574577241930603,0.5033375427921499,Safe
Pressure,0.24305064349653843,0.6608241360490731,0.4616927573977836,Unsafe
Humidity,80.44728155097081,30.402008119293264,19.954445632261027,Unsafe
Temperature,37.40352454693883,12.446937336536921,50.011189595678196,Safe
Temperature,-53.67150879947306,78.69609633159045,50.01546918513104,Unsafe
Humidity,47.08028618748093,2.9257403408548095,20.014456046251226,Safe
Pressure,0.08165696081044142,0.8824034842190729,0.4560820479995648,Unsafe
Pressure,0.34961239731479127,0.6563673435727643,0.54610815948756,Unsafe
Pressure,0.2980959607160423,0.6989239434965182,0.4851312545790621,Unsafe
Temperature,-23.944306761365787,48.95580617636409,50.021302282515066,Safe
Temperature,-6.097528591557902,31.098169116356274,49.97141595473899,Safe
Temperature,103.66160388467424,78.64149202746172,50.005040507206026,Unsafe
Pressure,0.20591309671729388,0.841522497775324,0.49682132186523725,Unsafe
Temperature,-39.40244440373662,64.38148941118166,49.96427414640486,Unsafe
Temperature,104.23838270677265,79.20896035558678,49.96882320226138,Unsafe
Pressure,0.8202107204123635,0.14085912252989372,0.48228627667042856,Safe
Pressure,0.3758512509176257,0.6647424731615794,0.5435907611814359,Unsafe
Pressure,0.9684521072714432,0.016179939033895363,0.4682326618308268,Safe
Pressure,0.4728995458533314,0.5638894966167428,0.48203472520474516,Unsafe
Pressure,0.25231046748804925,0.697905683702797,0.536517988291077,Unsafe
Humidity,52.094763891527414,2.05681924026433,20.044997291783254,Safe
Pressure,0.7753718127192009,0.2979497600160871,0.4827054468664867,Safe
Pressure,0.31862612511673827,0.6089120432625801,0.5411021223713491,Unsafe
Humidity,77.71300155094632,27.777546525626697,19.963588619365137,Unsafe
Pressure,0.8328899310481569,0.1462022662467228,0.5219587677203177,Safe
Temperature,44.668700161816794,19.70364985558907,49.979714630393396,Safe
Pressure,0.8181560690151097,0.19736692361386596,0.46801107110052487,Safe
Temperature,-48.82378797594955,73.84900951456326,49.971661234581724,Unsafe
Temperature,98.08404356649923,73.11009570706496,50.01724160075592,Unsafe
Pressure,0.2932351019930024,0.7365465222158895,0.54797777569319,Unsafe
Temperature,12.337514311386947,12.709912919125378,49.953077904160914,Safe
Pressure,0.17501562865460665,0.8647445801164334,0.5357086999140556,Unsafe
Humidity,32.030907022877976,17.97696400754243,20.035736693581228,Safe
Pressure,0.7031593363609112,0.3298689295345967,0.5269556059539608,Safe
Temperature,79.71374953215289,54.729294017380354,49.95145643529501,Unsafe
Temperature,107.3335446227307,82.30348077373856,50.00613463484315,Unsafe
Pressure,0.4729462678476035,0.5272755760286022,0.5250672458439207,Unsafe
Temperature,-53.397199007428156,78.37952329320585,49.97916654822764,Unsafe
Temperature,45.770710635074515,20.690837942278,49.964098489637635,Safe
Temperature,-6.142816840016091,31.11257231550318,50.028565973674056,Safe
Temperature,124.49654817029203,99.4505899837062,50.04621133242478,Unsafe
Humidity,80.85059919233936,30.815596853262157,19.960926981961528,Unsafe
Pressure,0.11844866100013994,0.8927520657801161,0.5356332873803801,Unsafe
Pressure,0.37089101689629544,0.6796598995160762,0.5356835080308264,Unsafe
Humidity,20.57794266631844,29.398752911848796,19.97128473480564,Unsafe
Temperature,-46.5300046390175,71.51397922655607,49.98784913903195,Unsafe
Temperature,80.15679973036045,55.18731655059678,50.01651996823797,Unsafe
Humidity,73.33161610637526,23.33110421026891,20.00885399948005,Unsafe
Temperature,22.056019256160734,2.860223431650933,49.96386979385625,Safe
Pressure,0.30523997570903466,0.6827929625366161,0.48681208974103046,Unsafe
Pressure,0.06107813812344412,0.9792249712799642,0.4513685308202818,Unsafe
Humidity,67.20325194895341,17.14279941447237,20.03079008239209,Safe
Humidity,13.688785141674641,36.256292724337854,20.0311506663967,Unsafe
Pressure,0.49422903423998976,0.5281314381588886,0.5226020890566254,Unsafe
Pressure,-0.016567581927316388,0.9502579937705135,0.4747586153466881,Unsafe
Temperature,47.41516775265578,22.422236249629147,50.027858934508785,Safe
Humidity,71.06025977011411,21.115431688587346,20.004338686863438,Unsafe
Temperature,0.5938293365704831,24.426573608925388,49.96254755873927,Safe
Humidity,59.06042581708692,9.065334681135354,19.965619673399036,Safe
Pressure,0.6359389715376302,0.32736271215635115,0.4559875629971403,Safe
Pressure,-0.016094337340652055,1.0397029516032668,0.5220010636735932,Unsafe
Humidity,52.456615206618956,2.4644965962021015,20.039011143034415,Safe
Temperature,25.598034199842246,0.6537196354843166,50.020021788391375,Safe
Pressure,0.8932325833774617,0.11741408818877937,0.5417655878904938,Safe
Pressure,0.8508131356530755,0.162017781393216,0.5271853126811128,Safe
Humidity,8.031880191379303,42.017452938310726,19.955699070193116,Unsafe
Temperature,33.683348166551234,8.692782284160245,50.00385046536382,Safe
Temperature,84.59085696153133,59.57169346804944,50.000332003758786,Unsafe
Humidity,17.812478120755763,32.193008630931956,19.972076642507663,Unsafe
Temperature,3.847760888849326,21.113736955899974,49.99714740517444,Safe
Pressure,0.6270535805412357,0.4579903817815069,0.5028612307792024,Safe
Pressure,0.33598317325168525,0.6704365187622173,0.4628733707752587,Unsafe
Pressure,0.880684088251336,0.07713376672765575,0.538607842343796,Safe
Pressure,0.7423452989798031,0.29443456414749836,0.4799687208922275,Safe
Temperature,92.17804499193134,67.2152519597088,49.99563069944156,Unsafe
Pressure,0.6678105512440535,0.39345445627919545,0.49028576809822677,Safe
Humidity,26.35375869370263,23.589411988149603,19.983322701628097,Unsafe
Temperature,124.36389081361605,99.3871261310858,50.03916347475588,Unsafe
Humidity,87.55946899498726,37.61338485515189,20.018988281934952,Unsafe
Pressure,1.0123691355051576,0.04962693228346255,0.5168368604036288,Safe
Humidity,73.4660389136386,23.396931307641555,20.045071463488025,Unsafe
Humidity,31.861770080139156,18.120273242617902,19.973288958609075,Safe
Temperature,47.22474123875748,22.160887327925256,50.00951080921807,Safe
Humidity,46.84738461399192,3.0900668623399983,20.026496419368215,Safe
Temperature,31.295493261238306,6.309915908004751,50.01631735341254,Safe
Humidity,56.866684907862755,6.92338047610124,20.02575338912029,Safe
Pressure,0.3735280760490093,0.6178929297572088,0.5109347481700064,Unsafe
Pressure,0.591758926187391,0.4365414306507259,0.4737547876264091,Safe
Pressure,0.9074490496079448,0.12851321924649528,0.5340022171252886,Safe
Humidity,80.55550019783807,30.481667211534816,19.96582190662661,Unsafe
Humidity,60.07891336599372,10.09861479297681,19.99793052813294,Safe
Temperature,-56.03829210089086,81.07100993648699,50.02741017035222,Unsafe
Temperature,-46.90306561991105,71.90974667048911,50.02338038516195,Unsafe
Temperature,53.57958261056898,28.585782376627044,49.99869966538812,Safe
Temperature,83.56563598441384,58.497792030515896,49.97556138797605,Unsafe
Pressure,0.20458743928080358,0.7970086446788879,0.47288664044904116,Unsafe
Humidity,82.05443015998173,32.039224107942324,20.009607223504695,Unsafe
Pressure,0.25895847589989407,0.6754892844926427,0.5431053731055172,Unsafe
Humidity,63.01170696825192,13.012591539819491,20.038427882745484,Safe
Humidity,55.92901139430534,5.943453321537492,19.955937499663126,Safe
Pressure,0.6577775309211105,0.34685699693490096,0.5282454199730278,Safe
Pressure,0.3079371073928284,0.7033196806186414,0.4911219208044538,Unsafe
Humidity,80.44087258941168,30.421348151422464,20.03298015837606,Unsafe
Temperature,37.40019335189499,12.375426023519212,49.98782253152626,Safe
Temperature,-53.67072047022923,78.74205062565812,50.03512809188141,Unsafe
Humidity,47.091620513876435,2.952195400740798,20.039242614323513,Safe
Pressure,0.0730362957847933,0.842607980063974,0.452724159308512,Unsafe
Pressure,0.32529123624160694,0.6483040066855124,0.49969093208997106,Unsafe
Pressure,0.2739405993464123,0.7532887239872296,0.5237977692650692,Unsafe
Temperature,-23.9897696563269,48.93531658864299,50.00506564047509,Safe
Temperature,-6.105061358435157,31.11326066209877,49.97126471395083,Safe
Temperature,103.60546635824977,78.62410985076758,50.034987301312334,Unsafe
Pressure,0.1864922185303653,0.7786922361887678,0.4574843067224005,Unsafe
Temperature,-39.36538850715793,64.38167918683872,49.956480962494446,Unsafe
Temperature,104.2628631844066,79.27566087331004,50.027865478460996,Unsafe
Pressure,0.8201735758900855,0.1458751685137789,0.47903431875179864,Safe
Pressure,0.36261302381914623,0.6814647344385963,0.5208908132062702,Unsafe
Pressure,1.0033596522228116,0.014143830048752536,0.4605890624727419,Safe
Pressure,0.4375438306499118,0.560107146917584,0.5404866922250376,Unsafe
Pressure,0.26082188307428633,0.7600515853123991,0.5493744118507295,Unsafe
Humidity,52.13971339983008,2.087576242388096,19.981541350014126,Safe
Pressure,0.7536629111463599,0.27793927916568767,0.451924019750106,Safe
Pressure,0.3132934065704488,0.6886336647492575,0.5360482545612713,Unsafe
Humidity,77.73586118176306,27.739656122478376,20.016802005591572,Unsafe
Pressure,0.9057625971223962,0.12059463821425775,0.4522647043186696,Safe
Temperature,44.64258425111818,19.720655276909767,49.9821976267106,Safe
Pressure,0.8110610623790994,0.23067368944349115,0.5005267956701472,Safe
Temperature,-48.836937051055095,73.82377120757896,49.9680916627676,Unsafe
Temperature,98.12395939530005,73.0809876471927,50.02665615252808,Unsafe
Pressure,0.2953653565980977,0.7298040473279422,0.467296204814397,Unsafe
Temperature,12.32344025651368,12.680206944295822,50.02693607119571,Safe
Pressure,0.2230321732520969,0.7778473130335144,0.48118274585545084,Unsafe
Humidity,32.066946748846206,17.934827903443473,19.977365068591407,Safe
Pressure,0.7196537343113704,0.27004775533760716,0.5491557999230922,Safe
Temperature,79.74987573176709,54.74618868034181,49.99167011393527,Unsafe
Temperature,107.35350238579369,82.30645551109174,50.0010016316676,Unsafe
Pressure,0.42606645209337557,0.480170109673882,0.4765535417458927,Unsafe
Temperature,-53.35644885875875,78.36976723962229,49.97350076427909,Unsafe
Temperature,45.77198864236625,20.709284125282426,50.002125119772785,Safe
Temperature,-6.143013170208796,31.060633411698365,49.97372402917789,Safe
Temperature,124.44043510085149,99.46775026612977,50.03646441261244,Unsafe
Humidity,80.80033428707551,30.84324906888249,20.001724575287188,Unsafe
Pressure,0.05735502796668433,0.9021527606860996,0.5184836894140203,Unsafe
Pressure,0.3105823735247917,0.6347192544146646,0.5338119673095536,Unsafe
Humidity,20.580174655006672,29.46635350198684,20.048204532080963,Unsafe
Temperature,-46.577473171739605,71.52329752522819,49.95714218271404,Unsafe
Temperature,80.14650798893896,55.19883477364863,49.9837940628201,Unsafe
Humidity,73.32288547896974,23.30773699926563,19.991918927344916,Unsafe
Temperature,22.128263262906707,2.944158942613138,49.98383925738742,Safe
Pressure,0.38545567910833684,0.7056079216139937,0.5308678279902004,Unsafe
Pressure,0.03933945155645347,0.9728518402011743,0.4805818635417553,Unsafe
Humidity,67.19680718675066,17.152351376494636,20.01056662452332,Safe
Humidity,13.72506121623617,36.310781354187455,20.015959422774145,Unsafe
Pressure,0.47214686883900914,0.5167085347212161,0.454851507499921,Unsafe
Pressure,0.0027949635294873057,0.933374515376345,0.4620432620087931,Unsafe
Temperature,47.40209382088338,22.4948102647713,49.98360525538772,Safe
Humidity,71.06828196676334,21.044165569860187,19.957468596656224,Unsafe
Temperature,0.6049585356938014,24.4437131870847,50.0377526966532,Safe
Humidity,59.09846148612504,9.026704665775481,20.009103824668948,Safe
Pressure,0.647528862862515,0.38204710951224996,0.5162277931659395,Safe
Pressure,0.005472741878716438,1.0301830929219375,0.5460378347070519,Unsafe
Humidity,52.46957215738545,2.440051289546052,20.009767834881757,Safe
Temperature,25.577674080685167,0.6502145383643263,49.96532913684175,Safe
Pressure,0.8486020008355144,0.10357637156690228,0.5091869675758159,Safe
Pressure,0.8851760029356396,0.13323547479930703,0.512129637890933,Safe
Humidity,7.994647952660026,41.97162419417688,20.001639995665503,Unsafe
Temperature,33.664657245281965,8.702231783815991,49.967610377717904,Safe
Temperature,84.5997404868091,59.663238443685145,49.980426268879725,Unsafe
Humidity,17.84184827204237,32.16569952619924,19.966137610739825,Unsafe
Temperature,3.8225801228353355,21.181523043700633,50.01396393506402,Safe
Pressure,0.5593157475165061,0.3652144936338527,0.4625120067709717,Safe
Pressure,0.2669492461274453,0.7388526749889727,0.503127629878671,Unsafe
Pressure,0.9428220260498487,0.04845045097799737,0.47697986015959326,Safe
Pressure,0.7542029685354829,0.27647723320276424,0.519603877195217,Safe
Temperature,92.25243358650113,67.21745965551823,49.99427507319758,Unsafe
Pressure,0.6913173611497616,0.340369453606007,0.5444370890824787,Safe
Humidity,26.389800919300395,23.6286188746763,20.041252225866938,Unsafe
Temperature,124.40947018271252,99.3691727640311,50.00503753329575,Unsafe
Humidity,87.61295515638875,37.56806901775801,20.04933349983245,Unsafe
Pressure,1.003454292957644,0.05117904709395223,0.4864291052903285,Safe
Humidity,73.47844972847422,23.398165819715246,19.99818392914833,Unsafe
Humidity,31.95433174155772,18.091055115046352,19.953301312537683,Safe
Temperature,47.20208348808146,22.163523884624993,49.98129917360319,Safe
Humidity,46.84456268412694,3.106817595093911,20.016169989327945,Safe
Temperature,31.349806990142156,6.317744195153352,49.97755130407916,Safe
Humidity,56.86310662687081,6.897064824162999,19.983447903150363,Safe
Pressure,0.3479529003191134,0.6127017290321737,0.48823121989059176,Unsafe
Pressure,0.5613285041847875,0.4131158351160398,0.5430390724765853,Safe
Pressure,0.9133659755744533,0.09713787908076203,0.5039660779738108,Safe
Humidity,80.48381469046222,30.48549489247079,20.049898820187618,Unsafe
Humidity,60.13855775395742,10.06366774197184,19.953569234381543,Safe
Temperature,-56.10513166837757,81.07420720885841,50.028664473114105,Unsafe
Temperature,-46.909521549656226,71.93060991248396,50.02995128101502,Unsafe
Temperature,53.62165566748429,28.573958774183545,49.953750998478206,Safe
Temperature,83.5415826834772,58.55343161206005,49.98706993272349,Unsafe
Pressure,0.191230799396701,0.7835262501828222,0.538278330012509,Unsafe
Humidity,82.08816790265104,32.006383818909775,20.000172179739877,Unsafe
Pressure,0.283525160654762,0.6905050094318083,0.5057106773518413,Unsafe
Humidity,62.92139935811957,12.946263664683741,19.998344569805425,Safe
Humidity,55.962823504485165,5.998387199336316,20.03760637690141,Safe
Pressure,0.7315545435312717,0.25047745225213214,0.48721414691763815,Safe
Pressure,0.32465520544434573,0.7318099098113343,0.5247462101197985,Unsafe
Humidity,80.48060083067935,30.464277094593655,19.968042482964876,Unsafe
Temperature,37.35655282501153,12.413322642865111,50.006419702106314,Safe
Temperature,-53.67530819208642,78.75435820291281,50.00162023019023,Unsafe
Humidity,47.09814332036336,2.9826092622573666,19.97207988256579,Safe
Pressure,0.10417013904732642,0.8730637130158472,0.5491690019334317,Unsafe
Pressure,0.4035634159108178,0.6760326808881957,0.49828256523866016,Unsafe
Pressure,0.21282818699607886,0.721463378811155,0.49510480071723756,Unsafe
Temperature,-23.940443843743438,48.96535446390074,50.036701774234736,Safe
Temperature,-6.121170413829392,31.193411177444368,49.97921693651321,Safe
Temperature,103.57882016481749,78.62636980070137,49.963724534236036,Unsafe
Pressure,0.21884128060673594,0.7775058204672372,0.4504338488545262,Unsafe
Temperature,-39.37834863166665,64.35937127016719,49.99565031935663,Unsafe
Temperature,104.26176519458973,79.23083082500743,49.98835050191607,Unsafe
Pressure,0.8660385466030092,0.12200008584717201,0.4590275982378178,Safe
Pressure,0.28022717995797747,0.6974782643745829,0.5217202211942421,Unsafe
Pressure,0.9452116637689476,0.044699761520583435,0.451934825308069,Safe
Pressure,0.4449150844985918,0.5608140967623502,0.5130476622948174,Unsafe
Pressure,0.2921744700952555,0.7252718356504938,0.5322862407206117,Unsafe
Humidity,52.061786404459646,2.0976051503093975,20.025740246693932,Safe
Pressure,0.7168618732456614,0.24432748479822902,0.5125019596399731,Safe
Pressure,0.33993984276682804,0.6160139117867734,0.5188399240371554,Unsafe
Humidity,77.74517661884673,27.734397107046647,20.003105461899263,Unsafe
Pressure,0.9018441934116392,0.13204111492541284,0.5023157048401147,Safe
Temperature,44.7065969671794,19.67027981308192,49.98286837434974,Safe
Pressure,0.7620936983818964,0.1834066129349995,0.4599143118437658,Safe
Temperature,-48.76541023557371,73.84905375219755,49.969583588712695,Unsafe
Temperature,98.10505354764734,73.1303686050489,50.009515485983805,Unsafe
Pressure,0.23694005011867947,0.7480606580724797,0.47572323854689674,Unsafe
Temperature,12.354747094460764,12.668343479971703,50.001452756077676,Safe
Pressure,0.18052089666912502,0.8145729935552062,0.48540552734563647,Unsafe
Humidity,32.01971490056483,17.930179666276054,20.03068089180113,Safe
Pressure,0.7574720337085258,0.2379321983274021,0.48623543118368295,Safe
Temperature,79.70683659750672,54.7472988742286,50.02744572970478,Unsafe
Temperature,107.3128612046248,82.33849213055636,49.956358183673835,Unsafe
Pressure,0.49218728858846605,0.5600592202295146,0.46017198198359616,Unsafe
Temperature,-53.304896939210735,78.35997457424793,50.016666337616535,Unsafe
Temperature,45.735481224228636,20.783800918293338,50.01573437692219,Safe
Temperature,-6.103045523626038,31.126502133131545,50.027492442239264,Safe
Temperature,124.46248818985563,99.47476989042508,50.03288345344499,Unsafe
Humidity,80.82496691994973,30.8367084175851,19.97523253055159,Unsafe
Pressure,0.14225417395303538,0.9023103222886262,0.5203206781290504,Unsafe
Pressure,0.3575045465809684,0.6056771566178479,0.49433271004370455,Unsafe
Humidity,20.5602666068134,29.394715814216895,20.004076332729408,Unsafe
Temperature,-46.58797767358196,71.50753501954782,50.0264532854009,Unsafe
Temperature,80.20335557701128,55.14391951028892,50.03241332523427,Unsafe
Humidity,73.27654262124237,23.307870702800912,19.951915903700176,Unsafe
Temperature,22.12545572795899,2.8698757240205603,50.01679000763979,Safe
Pressure,0.3495129742158155,0.6320961792797878,0.495627261204486,Unsafe
Pressure,0.0730052630818773,0.9237281058659303,0.5280534945500749,Unsafe
Humidity,67.16726709117555,17.17681025893316,19.980829517036685,Safe
Humidity,13.674127316480494,36.2898316811773,19.964416898515356,Unsafe
Pressure,0.5160314110199322,0.5470482575688214,0.5173920983840603,Unsafe
Pressure,0.02745049547569938,0.9322340131396878,0.5334420220691921,Unsafe
Temperature,47.409240908387446,22.496906194315997,49.96895565900542,Safe
Humidity,71.04254380877155,21.049066277773118,20.009953193155727,Unsafe
Temperature,0.5353904407027776,24.46213609335516,49.95722216121799,Safe
Humidity,59.040850649875665,9.087130531044773,20.003558339923682,Safe
Pressure,0.6771890372548179,0.3827300141539228,0.4871364767279042,Safe
Pressure,-0.034036226524709695,0.9914168440960687,0.4644256363374473,Unsafe
Humidity,52.460858425872665,2.502834494275244,19.953481711173236,Safe
Temperature,25.57547541418624,0.6553831290383222,50.039997558127496,Safe
Pressure,0.8108696734130006,0.1281552612129538,0.5218580341270579,Safe
Pressure,0.9030897379479039,0.1137489844493893,0.4945715202541996,Safe
Humidity,7.948563472060958,42.0089843199379,19.970753825776978,Unsafe
Temperature,33.73541447833456,8.72053106526931,50.017900342769735,Safe
Temperature,84.622950811481,59.6090174453561,50.04596537175549,Unsafe
Humidity,17.840465233700566,32.19683038643911,20.047376694228028,Unsafe
Temperature,3.869737126069439,21.183633737182817,49.97995042643974,Safe
Pressure,0.6344435469655851,0.3961198152225817,0.5268141009477945,Safe
Pressure,0.3229400395263604,0.6920399002704851,0.5462084698836646,Unsafe
Pressure,0.9131195986278602,0.12654170608069826,0.5322249563160513,Safe
Pressure,0.7226171166469018,0.22858342907316354,0.5367480114585311,Safe
Temperature,92.21214752534516,67.17235503693877,49.960644428399654,Unsafe
Pressure,0.6073992888980897,0.36143158539751385,0.47550570948760235,Safe
Humidity,26.341766855077857,23.613893560713134,19.951659445786937,Unsafe
Temperature,124.40594012705411,99.36163404594448,50.01770652182356,Unsafe
Humidity,87.54496052584264,37.5864665851554,19.997007825896173,Unsafe
Pressure,1.0066153943710998,0.08413480650513414,0.5285742654949152,Safe
Humidity,73.45542548217045,23.41968243854917,19.97327891090276,Unsafe
Humidity,31.895366258176487,18.132904369622793,20.003807515736387,Safe
Temperature,47.1870664908796,22.218139588165528,49.95321444510492,Safe
Humidity,46.87754441138917,3.156083971665198,19.987212484262777,Safe
Temperature,31.352313133594908,6.292157451722683,50.04125532984794,Safe
Humidity,56.83775589547359,6.88854407932229,19.967119835996716,Safe
Pressure,0.35791205592813025,0.6842852149693904,0.4588909344119124,Unsafe
Pressure,0.594299310470153,0.45260178209948787,0.4669775561846342,Safe
Pressure,0.86132779908737,0.061220338794222826,0.49828075996695254,Safe
Humidity,80.4640521117275,30.485219962545028,19.98273024960354,Unsafe
Humidity,60.118949142248034,10.114513063972392,19.99625003541912,Safe
Temperature,-56.11864232624291,81.10112482581151,49.960992103063205,Unsafe
Temperature,-46.84888460035002,71.92305902794465,49.961305482789356,Unsafe
Temperature,53.6350125862129,28.567176804456093,49.9885223945174,Safe
Temperature,83.57141069307202,58.49379902856656,50.01587644559281,Unsafe
Pressure,0.2052485560032023,0.7543959750500698,0.47126518996841427,Unsafe
Humidity,82.00158187120897,32.02556325208722,20.00487346154966,Unsafe
Pressure,0.23584955809799793,0.7446150544382453,0.48185881550220705,Unsafe
Humidity,62.91867602265565,12.94628215108419,19.977046019876266,Safe
Humidity,55.93101978409395,5.949817929862757,19.95131648671912,Safe
Pressure,0.6769390272157333,0.2949400411368903,0.48755331425481113,Safe
Pressure,0.28502279209740866,0.7037551025215396,0.5061601210536486,Unsafe
Humidity,80.39662867862752,30.405850921170064,20.008495105893058,Unsafe
Temperature,37.41260187213259,12.449186060235116,49.95674525258842,Safe
Temperature,-53.749371298206974,78.70179668116947,50.02869103595581,Unsafe
Humidity,47.05774530239239,2.9679042200913632,19.96215921049665,Safe
Pressure,0.12360380012797845,0.8566564977158821,0.4750962061051876,Unsafe
Pressure,0.3438176355595011,0.6773086537959224,0.506454383333152,Unsafe
Pressure,0.2643007138606921,0.74362606674564,0.5448630713285056,Unsafe
Temperature,-23.98600479345301,48.93662942638482,49.99029754956551,Safe
Temperature,-6.136587007575493,31.185867399346428,49.9838069179788,Safe
Temperature,103.60791839083574,78.63143882414329,50.02562347111791,Unsafe
Pressure,0.19414774259154777,0.820732604082969,0.5142488335677163,Unsafe
Temperature,-39.41162554757722,64.43477105066953,50.04859334516884,Unsafe
Temperature,104.23560437623615,79.25579311797269,50.00610956271746,Unsafe
Pressure,0.8941734797110589,0.11567413753262905,0.4541197681773297,Safe
Pressure,0.37477861480365643,0.6272554865976399,0.5065017441355424,Unsafe
Pressure,0.9649648786423092,0.08012478006616805,0.49749134512360865,Safe
Pressure,0.47555273534452003,0.5937037555150784,0.4680596499436205,Unsafe
Pressure,0.23522443541666063,0.7588197101332711,0.4619380546683857,Unsafe
Humidity,52.055459346139564,2.084380683715575,19.950585642031207,Safe
Pressure,0.7990076177892782,0.23733469446679958,0.48933832858690673,Safe
Pressure,0.3204973902323221,0.6295113601901097,0.5239891486903606,Unsafe
Humidity,77.71649092061715,27.728778143056573,19.96140550727342,Unsafe
Pressure,0.9105424469487388,0.09481170773042402,0.496198000316818,Safe
Temperature,44.72988590516641,19.7053558685149,49.95123903943513,Safe
Pressure,0.8252619213408808,0.20277596740938555,0.47088566667571147,Safe
Temperature,-48.79268065504072,73.79403515554537,50.03739605869631,Unsafe
Temperature,98.09584300474707,73.10117172176426,50.021143017870905,Unsafe
Pressure,0.29225903580540746,0.7843539588559065,0.45940492414716805,Unsafe
Temperature,12.373841943429708,12.66597334326381,50.02927144875426,Safe
Pressure,0.1322126979571482,0.8033715680946728,0.4635088177111878,Unsafe
Humidity,32.024232600603256,17.979272938229894,20.022772265127138,Safe
Pressure,0.7103474014998267,0.26101343032461904,0.48667358776211866,Safe
Temperature,79.6987130549387,54.675282405816546,50.022300430140135,Unsafe
Temperature,107.36093178187167,82.30172042824636,49.98881445137935,Unsafe
Pressure,0.48741829855667457,0.48794849442621246,0.4800392324923574,Unsafe
Temperature,-53.30896395780583,78.3029110017092,49.962124549508516,Unsafe
Temperature,45.72229414622423,20.701796616717,49.97013196665307,Safe
Temperature,-6.130099962144506,31.056652595136416,49.99299619146641,Safe
Temperature,124.44598741215196,99.4696356384937,50.03000542136227,Unsafe
Humidity,80.78002887041309,30.873882081071578,20.03576547068352,Unsafe
Pressure,0.09029560033369807,0.8623169388434231,0.49393764480741487,Unsafe
Pressure,0.30883819448445554,0.6197695584285671,0.5235365189688854,Unsafe
Humidity,20.53580687052695,29.397265561572432,20.01747107119603,Unsafe
Temperature,-46.50822692692491,71.5277136791872,50.04372579761096,Unsafe
Temperature,80.18550669535968,55.129159041825034,50.04684691342639,Unsafe
Humidity,73.30060124497575,23.306417472549942,19.955033378542403,Unsafe
Temperature,22.099333408423032,2.905988673205538,50.02575720361777,Safe
Pressure,0.35181116019759245,0.6384559858402338,0.47537693908804035,Unsafe
Pressure,0.05534150670231572,0.9622575811694155,0.5278760913361148,Unsafe
Humidity,67.15045663931788,17.177346165180523,19.9974718556939,Safe
Humidity,13.70188748391193,36.2880560323529,20.027296458509895,Unsafe
Pressure,0.45212227651935777,0.4706548054655054,0.4785747907396443,Unsafe
Pressure,0.06026856202510681,0.9468079321254578,0.47184275403838066,Unsafe
Temperature,47.403605879489156,22.422370410742076,50.044726785093836,Safe
Humidity,71.03848948465416,21.090751417111942,19.95275138189254,Unsafe
Temperature,0.5936096857863218,24.415079542605877,50.02043726106475,Safe
Humidity,59.04241698588541,9.114278114163866,20.044258544113298,Safe
Pressure,0.6566838016101638,0.3868865971137915,0.5393039019833737,Safe
Pressure,0.00017026162178113992,0.9953091413661291,0.5327326944749181,Unsafe
Humidity,52.47452517192995,2.5104658787777465,20.029029102627593,Safe
Temperature,25.60909563826241,0.6114633523959734,49.989356697110125,Safe
Pressure,0.8402358919636373,0.11882152592471518,0.4541452565135175,Safe
Pressure,0.8310315732049174,0.10336110343612456,0.5408656138357115,Safe
Humidity,7.952984650725013,42.01906539398825,20.016390785530827,Unsafe
Temperature,33.70425209086833,8.652473310722325,49.986842972274,Safe
Temperature,84.6314543744836,59.646293773179856,49.964334959889854,Unsafe
Humidity,17.83143712664709,32.133972410164255,19.995745875476175,Unsafe
Temperature,3.875398340022641,21.107218942389746,50.00010819038016,Safe
Pressure,0.5903629452239655,0.38376411046287334,0.5093496267055984,Safe
Pressure,0.31304542286815334,0.6891173447958767,0.5311398179907307,Unsafe
Pressure,0.972790837837771,0.05095192149198807,0.4730099235025657,Safe
Pressure,0.7538739963136393,0.24746560054344924,0.4855945034294863,Safe
Temperature,92.24974990645318,67.22589145593757,49.95357317789769,Unsafe
Pressure,0.6880344995345906,0.3220618871755022,0.4912743799179533,Safe
Humidity,26.415421352244394,23.596416605501208,19.99142188631567,Unsafe
Temperature,124.41760467941583,99.3705435717783,50.03005174484305,Unsafe
Humidity,87.60401200719085,37.61540296370317,19.971344480142196,Unsafe
Pressure,0.9924005478181339,0.016441453465525457,0.5453932948327936,Safe
Humidity,73.41299260881024,23.42863481813237,19.982511649980772,Unsafe
Humidity,31.942818094535447,18.07343463496609,20.032957408740035,Safe
Temperature,47.218928888478615,22.199448073736203,49.97940730109613,Safe
Humidity,46.85471965196437,3.1315132418310996,19.980380238129833,Safe
Temperature,31.2873088087956,6.331207696053562,49.96459291295782,Safe
Humidity,56.90909253014399,6.847630016890453,19.96439033465916,Safe
Pressure,0.35118619900621034,0.6798043202451304,0.5458712675929801,Unsafe
Pressure,0.5454416303758278,0.3912728877262922,0.4747756764988155,Safe
Pressure,0.8457941005527556,0.13746421800279324,0.4630076962395614,Safe
Humidity,80.47439195445261,30.556515642524893,19.955314750210412,Unsafe
Humidity,60.14741178738727,10.130990374225345,20.017418325076676,Safe
Temperature,-56.03376092625587,81.12959348497346,49.984816557614906,Unsafe
Temperature,-46.868662597395264,71.93751247709045,49.99161065509786,Unsafe
Temperature,53.61652881684094,28.588324603741807,50.02647530980664,Safe
Temperature,83.55408512016984,58.4914955847093,50.01029972830267,Unsafe
Pressure,0.20712323732687266,0.8367311303138856,0.5448676196436743,Unsafe
Humidity,82.09043432607189,32.038190606897125,19.991672911368994,Unsafe
Pressure,0.31533381256064064,0.7177979331774571,0.4841286373488303,Unsafe
Humidity,63.001811436412545,12.917609252321961,20.0328336684799,Safe
Humidity,55.91110379181911,5.990084490896886,19.97449108412492,Safe
Pressure,0.7424610287881115,0.3046038088748226,0.5102662222932239,Safe
Pressure,0.2539198445233597,0.75586856059432,0.4760917056382222,Unsafe
Humidity,80.45934687555598,30.417100326712582,20.034044284859828,Unsafe
Temperature,37.40757901175168,12.426195088842723,49.978121795966324,Safe
Temperature,-53.699544660928964,78.75063327869677,50.02441455411778,Unsafe
Humidity,47.04329799767927,2.9053451888554336,19.965574749992772,Safe
Pressure,0.0932632492395047,0.8402777478979634,0.5383657467086779,Unsafe
Pressure,0.40699321683456186,0.6800966226456671,0.5409466371174187,Unsafe
Pressure,0.2952718752213692,0.730486400554301,0.4901653352001372,Unsafe
Temperature,-23.969101474014906,48.949440833148465,50.02137971366566,Safe
Temperature,-6.151043064868578,31.109691819756527,50.036671382911855,Safe
Temperature,103.64825849863776,78.61339896995464,49.97369958704772,Unsafe
Pressure,0.2062480211748694,0.8438170423928556,0.5072895962339157,Unsafe
Temperature,-39.37017049040448,64.42104061563647,50.0226388820454,Unsafe
Temperature,104.25548427160999,79.2842542619449,50.03676944805485,Unsafe
Pressure,0.8185038200000981,0.09014578135197177,0.5489070165365436,Safe
Pressure,0.3345149401649189,0.6735700138475671,0.5414596260565315,Unsafe
Pressure,0.9931040419132185,0.02356063744639133,0.484208421988193,Safe
Pressure,0.4706841077960542,0.5082292034876316,0.46591557665911076,Unsafe
Pressure,0.2516078214717882,0.6996837245439973,0.46501178051062164,Unsafe
Humidity,52.059676400605305,2.043954736722072,20.03758937785926,Safe
Pressure,0.7034553166879509,0.26025579259930304,0.4654219655807197,Safe
Pressure,0.3883196072098353,0.6462020146398348,0.4909515040009806,Unsafe
Humidity,77.71935482266633,27.76761197417284,19.980393115675792,Unsafe
Pressure,0.9054375141440942,0.13644353674605397,0.5491563763698505,Safe
Temperature,44.66131815265083,19.726447571774052,50.019491199629954,Safe
Pressure,0.7945732615431038,0.19274373613395537,0.5043181857379837,Safe
Temperature,-48.855967143711474,73.82649257061944,50.02152401039484,Unsafe
Temperature,98.16574833866328,73.16414865539167,49.980896141688326,Unsafe
Pressure,0.28072826474639523,0.7254164558980525,0.504381232511324,Unsafe
Temperature,12.351489422968037,12.711769943981869,49.95229973710862,Safe
Pressure,0.22922682365413327,0.8422874706477994,0.534191596998052,Unsafe
Humidity,32.00001490199948,17.95710504102056,19.992053538989072,Safe
Pressure,0.7405497680580473,0.2844985850700815,0.5376803414088921,Safe
Temperature,79.65498080250404,54.70048171312546,50.035701618663374,Unsafe
Temperature,107.3412213404215,82.29869132912668,49.95230187176304,Unsafe
Pressure,0.5092448948608937,0.4828540868828632,0.48525002591088273,Unsafe
Temperature,-53.37395925920833,78.3341904396214,49.95899929319219,Unsafe
Temperature,45.68728544189053,20.695549188136027,50.02420571419015,Safe
Temperature,-6.082278985225094,31.103130627499368,49.97443987063293,Safe
Temperature,124.47644626986418,99.51732524023086,49.999678294913366,Unsafe
Humidity,80.85323829983108,30.846779594585797,19.990083384989184,Unsafe
Pressure,0.13098145149910764,0.8958089118651764,0.512221975728696,Unsafe
Pressure,0.31712143454064623,0.6563326454712513,0.5098085096646034,Unsafe
Humidity,20.57154466433116,29.43867066827792,19.970194681574284,Unsafe
Temperature,-46.50802348365906,71.55839107014282,49.98137579775073,Unsafe
Temperature,80.19167825755426,55.12633766837459,50.02771969243154,Unsafe
Humidity,73.35522477296844,23.29300145513512,20.01270805765112,Unsafe
Temperature,22.072680738312524,2.872179785723803,49.990337341643865,Safe
Pressure,0.33893166406952574,0.6081679465848161,0.4501986844197311,Unsafe
Pressure,0.010290113365135592,0.9223955894217224,0.4622633995322958,Unsafe
Humidity,67.1270121471251,17.200984034883845,20.02220852175124,Safe
Humidity,13.736404604760683,36.28515207695791,20.00837512495228,Unsafe
Pressure,0.43355685911775727,0.561359336004655,0.45259293584558086,Unsafe
Pressure,-0.02140210256543399,0.9442472458432464,0.515544375709663,Unsafe
Temperature,47.439600909155416,22.407871183790654,50.03281117783905,Safe
Humidity,71.11866101030398,21.08089250191482,20.030038563599245,Unsafe
Temperature,0.6098208942115115,24.400312695686356,50.02867276407972,Safe
Humidity,59.05348923987574,9.078159759457451,19.99580973493122,Safe
Pressure,0.6200976228584745,0.3818172199455645,0.519531314367204,Safe
Pressure,0.008855393670939413,1.046607108222419,0.48165147014427756,Unsafe
Humidity,52.45498084978222,2.5274221756576214,20.027375748647863,Safe
Temperature,25.656766665408917,0.6241952203717656,49.97900437904658,Safe
Pressure,0.8175826169261654,0.1753016354114162,0.4727523547692123,Safe
Pressure,0.8882415312105689,0.0938639001969538,0.4557924163194262,Safe
Humidity,8.001672099278949,41.971770571657856,19.975806767022185,Unsafe
Temperature,33.67393876949642,8.720645036274428,49.95591890932045,Safe
Temperature,84.5907632527186,59.63248473979644,50.02476708463311,Unsafe
Humidity,17.83158802064756,32.153362060515455,20.04320803442744,Unsafe
Temperature,3.843433098337127,21.08830243961765,50.00304156823787,Safe
Pressure,0.5867417916478258,0.41538555539079425,0.5379826049123059,Safe
Pressure,0.27797239367978666,0.6757749318356078,0.4736379167488671,Unsafe
Pressure,0.908451445379672,0.09297263005370124,0.4956677642357302,Safe
Pressure,0.7574055018782075,0.25685410094161987,0.5447279170518776,Safe
Temperature,92.219538257165,67.20768740692064,50.03286195879059,Unsafe
Pressure,0.6583436672079099,0.32406767921951485,0.4594004833935683,Safe
Humidity,26.399475022482843,23.627360223697913,20.033854510997617,Unsafe
Temperature,124.36865472651064,99.36402480324799,49.99266489129019,Unsafe
Humidity,87.57727896318232,37.54797297684333,20.01834200071582,Unsafe
Pressure,0.9385972188071423,-0.014381671911672611,0.5012984530683957,Safe
Humidity,73.47065838640282,23.436097991777373,20.0245905265638,Unsafe
Humidity,31.92215432929897,18.120037085888125,20.000552454389013,Safe
Temperature,47.18505672648115,22.179848034041342,50.01809320254962,Safe
Humidity,46.87623351096766,3.0865753648137684,20.042997882549496,Safe
Temperature,31.31280768045621,6.292372428906789,49.95022165800702,Safe
Humidity,56.89210622922064,6.9117574312687955,19.96672399662566,Safe
Pressure,0.32950798561734373,0.6262959223970525,0.4540711057611482,Unsafe
Pressure,0.5562091817785968,0.39807863893019924,0.5110699166737014,Safe
Pressure,0.8927863933512789,0.10366887290507466,0.5384880471733372,Safe
Humidity,80.51816993372226,30.503978697155514,20.04032894767484,Unsafe
Humidity,60.114723460141875,10.110918185448572,19.9701531478375,Safe
Temperature,-56.069441450005776,81.10333055320797,50.006332860821516,Unsafe
Temperature,-46.856024870906765,71.88146009709205,50.01943650202854,Unsafe
Temperature,53.57294327133669,28.6249127464001,49.97128950633808,Safe
Temperature,83.57948688698208,58.5279099037987,49.966325532009066,Unsafe
Pressure,0.1861625188429766,0.8046451394389331,0.5185947141545013,Unsafe
Humidity,82.01396697019919,32.01705132897475,20.044305493721897,Unsafe
Pressure,0.24119397008920362,0.6869470886302507,0.4550511138068596,Unsafe
Humidity,62.927994204247014,12.970535435360448,19.967748021013513,Safe
Humidity,55.96143406763849,6.002103232496643,20.01715469189246,Safe
Pressure,0.681051575806511,0.24988603421621022,0.5385765460458225,Safe
Pressure,0.25613297522342937,0.6876414404204702,0.5357075524577006,Unsafe
Humidity,80.43167744530982,30.400803741714448,20.016247817369482,Unsafe
Temperature,37.405622032439645,12.426908728969922,49.976458020941735,Safe
Temperature,-53.68178390323596,78.7492221136584,50.03083606930518,Unsafe
Humidity,47.01629739998284,2.964213926717942,20.025763032385747,Safe
Pressure,0.15556812354134786,0.8816486089571438,0.47845746102607106,Unsafe
Pressure,0.36674219715831907,0.5900899866553453,0.5097430413979434,Unsafe
Pressure,0.24409415547593274,0.6926327358306815,0.49094831933375965,Unsafe
Temperature,-24.02107943756912,49.01884892780558,50.00858308022319,Safe
Temperature,-6.14519750720753,31.159559273116823,50.0208990928312,Safe
Temperature,103.59488675704368,78.65462700326802,49.98736327300577,Unsafe
Pressure,0.25232732007017034,0.7618881482532651,0.5122467967237911,Unsafe
Temperature,-39.41697242211782,64.44312203883759,49.99709249837686,Unsafe
Temperature,104.2302364956286,79.28419701610149,49.9871807878471,Unsafe
Pressure,0.9078567101707941,0.12187316930819841,0.5321945567808862,Safe
Pressure,0.2898979922432361,0.636184928007082,0.49537562132713114,Unsafe
Pressure,0.9642351410260052,0.07174941923559425,0.5279995094040922,Safe
Pressure,0.39955483058021757,0.6031809936025873,0.45068728452742846,Unsafe
Pressure,0.2772962268168787,0.6895546270762305,0.4939500467538769,Unsafe
Humidity,52.062830541982485,2.1320067455395337,19.964402164971336,Safe
Pressure,0.7898269772085438,0.27967547165990314,0.49337737461569053,Safe
Pressure,0.39941905506778075,0.6171207306074633,0.5233047676354549,Unsafe
Humidity,77.7917730668541,27.756514308391854,19.953926971018713,Unsafe
Pressure,0.8338575290051873,0.10263121756143102,0.4649649867946417,Safe
Temperature,44.70921599552836,19.73586295513305,49.961652337760405,Safe
Pressure,0.7567906584797196,0.19213010437861688,0.516804396979936,Safe
Temperature,-48.78711304746384,73.85204518732884,49.998909251959255,Unsafe
Temperature,98.17924825735689,73.09999832169146,49.978441317336475,Unsafe
Pressure,0.2948680567885433,0.7688214152410057,0.4815338572719872,Unsafe
Temperature,12.300807749314538,12.712792543762278,50.03410456845725,Safe
Pressure,0.20564825984137208,0.8306465662031883,0.5268839670074512,Unsafe
Humidity,31.988337340507712,17.93872874565613,19.994472989299144,Safe
Pressure,0.6958346612738633,0.29471960125580077,0.4867239577484602,Safe
Temperature,79.6567517568011,54.72170814807823,50.036919597019725,Unsafe
Temperature,107.28173927488874,82.33952317952068,49.98352189010016,Unsafe
Pressure,0.4723369951444448,0.5101780619424761,0.48436846303571524,Unsafe
Temperature,-53.3589998653504,78.36001099111512,49.95665942524302,Unsafe
Temperature,45.75335929081189,20.766823796066284,49.98831020179543,Safe
Temperature,-6.133652298707297,31.056868628763354,50.01577506853087,Safe
Temperature,124.48879499358587,99.47730733729398,49.98103879670033,Unsafe
Humidity,80.83460214984052,30.780623494275872,20.041548441089024,Unsafe
Pressure,0.07242850258271771,0.8663291665990308,0.49049112025862107,Unsafe
Pressure,0.39833329270401374,0.6406550277095042,0.5448861027596343,Unsafe
Humidity,20.58903892865365,29.438217794048608,19.989083684196533,Unsafe
Temperature,-46.55708041682036,71.5157743053384,49.98192270833826,Unsafe
Temperature,80.16723866484469,55.14669272245208,49.99456164996361,Unsafe
Humidity,73.35763799237009,23.269846800075378,20.003679925209983,Unsafe
Temperature,22.066950460639692,2.8816172256611243,49.99898950215173,Safe
Pressure,0.3341672966746854,0.6987518486507892,0.530874151235668,Unsafe
Pressure,0.056531472589389606,0.9570502710788126,0.5037896448355571,Unsafe
Humidity,67.11116377239007,17.141961674526677,20.039721687154902,Safe
Humidity,13.657496916965064,36.25708387597419,20.047734821982214,Unsafe
Pressure,0.5088354318595882,0.48954447300541426,0.494999943756418,Unsafe
Pressure,0.05427412914840494,0.9889357161227448,0.5418748574577527,Unsafe
Temperature,47.4541649347251,22.4607395520421,49.995087920179834,Safe
Humidity,71.0471840654167,21.08524406155885,19.95291374647934,Unsafe
Temperature,0.5519872082077403,24.37287581712602,49.984225086692554,Safe
Humidity,59.09186986798796,9.061924775730587,20.027282492667375,Safe
Pressure,0.6294694132502726,0.3937620098217141,0.4555376158794792,Safe
Pressure,0.003782387617075224,1.0396819020994703,0.46925720478578886,Unsafe
Humidity,52.45324019548301,2.4481788465762815,20.01401884013718,Safe
Temperature,25.621159881714394,0.6708098189802852,49.995669819197445,Safe
Pressure,0.8047223720723266,0.18007093294696092,0.5370508151645987,Safe
Pressure,0.8227070288520488,0.13963673966757806,0.5299625041127961,Safe
Humidity,7.93813984484403,42.03821602177571,19.989571851236104,Unsafe
Temperature,33.72719271179095,8.670671548665727,50.0483639133691,Safe
Temperature,84.589511332776,59.66815867032123,49.97654524801878,Unsafe
Humidity,17.795210543805073,32.17751827490676,20.018155796030747,Unsafe
Temperature,3.850431462567895,21.116933762433355,50.03712758637274,Safe
Pressure,0.5871915046772946,0.45082481383372863,0.5129442573788945,Safe
Pressure,0.29820353033168995,0.7042922205900063,0.4963201048153029,Unsafe
Pressure,0.8770720887072526,0.03667721158014839,0.531584261031403,Safe
Pressure,0.7160309419901973,0.23304189583505708,0.5259840455235945,Safe
Temperature,92.22696296724655,67.20267207060151,49.96086444904238,Unsafe
Pressure,0.6930520438236436,0.3792814944075468,0.5464418182081234,Safe
Humidity,26.43097835017019,23.61953477191219,20.020245671667023,Unsafe
Temperature,124.37728506283884,99.40263921869345,50.04355559963563,Unsafe
