initial_x,initial_y,final_x,final_y,time,distance,speed
102,876,196,931,21,108.90821823902914,5.186105630429959
435,4,474,10,39,39.45883931389772,1.011765110612762
860,118,959,153,41,105.00476179678711,2.561091751141149
270,800,288,822,39,28.42534080710379,0.7288548924898408
106,373,165,416,13,73.00684899377592,5.615911461059686
71,64,88,79,11,22.67156809750927,2.0610516452281153
700,145,714,231,46,87.13208364316786,1.8941757313732144
20,223,51,283,19,67.53517601961218,3.5544829484006413
614,238,638,250,11,26.832815729997478,2.439346884545225
121,176,220,225,13,110.46266337545913,8.497127951958394
466,778,526,820,46,73.23933369440222,1.5921594281391787
214,852,259,890,45,58.89821729050889,1.3088492731224197
330,281,428,363,1,127.7810627597063,127.7810627597063
458,62,461,107,40,45.09988913511872,1.127497228377968
87,216,124,251,44,50.93132631298737,1.1575301434769858
372,853,415,883,19,52.43090691567332,2.759521416614385
99,826,139,914,12,96.66436778875658,8.055363982396381
871,794,961,824,8,94.86832980505137,11.858541225631422
663,688,718,766,8,95.44108130150245,11.930135162687806
130,460,217,466,45,87.20665112249179,1.9379255804998177
661,928,700,995,12,77.52418977325722,6.460349147771435
308,609,323,689,48,81.39410298049853,1.695710478760386
769,104,773,111,33,8.06225774829855,0.2443108408575318
343,98,436,150,45,106.55045753069294,2.36778794512651
491,510,577,524,26,87.13208364316786,3.351233986275687
413,384,438,457,39,77.1621668954417,1.9785170998831205
805,404,818,419,28,19.849433241279208,0.708908330045686
385,822,467,843,5,84.64632301523794,16.92926460304759
191,517,224,552,8,48.104053883222775,6.013006735402847
955,475,971,541,25,67.91170738539859,2.7164682954159436
276,976,318,1067,27,100.22474744293447,3.712027683071647
160,708,226,710,46,66.03029607687671,1.4354412190625372
459,862,514,897,23,65.19202405202648,2.8344358283489774
313,644,412,726,30,128.5496013218244,4.28498671072748
21,869,63,947,45,88.58893836140041,1.9686430746977868
252,770,286,790,47,39.44616584663204,0.8392801243964264
747,436,777,518,23,87.31551981177229,3.7963269483379256
856,22,869,32,49,16.401219466856727,0.3347187646297291
560,996,573,1021,47,28.178005607210743,0.5995320341959732
474,564,492,630,20,68.41052550594829,3.4205262752974144
58,676,90,701,18,40.607881008493905,2.2559933893607726
510,713,606,767,18,110.14535850411491,6.119186583561939
681,457,780,490,2,104.35516278555652,52.17758139277826
475,82,514,118,4,53.075418038862395,13.268854509715599
699,144,745,239,30,105.55093557141026,3.518364519047009
975,84,1004,98,33,32.202484376209235,0.9758328598851284
782,77,844,142,36,89.8276126811795,2.4952114633660973
189,456,282,536,18,122.67436570041843,6.815242538912135
957,877,1019,931,37,82.21921916437786,2.2221410584966987
686,0,743,52,19,77.15568676384133,4.0608256191495435
957,50,973,53,47,16.278820596099706,0.346357885023398
562,684,618,783,28,113.74093370462545,4.062176203736623
875,716,885,757,40,42.20189569201838,1.0550473923004595
566,771,596,777,20,30.59411708155671,1.5297058540778354
243,445,268,470,49,35.35533905932738,0.7215375318230077
831,448,915,461,33,85.0,2.5757575757575757
504,880,509,978,12,98.12746812182611,8.177289010152176
130,487,195,495,15,65.49045732013177,4.366030488008785
484,799,578,820,41,96.317184344228,2.349199618151902
818,33,867,131,39,109.5673308974897,2.809418740961274
646,347,649,415,2,68.06614430096654,34.03307215048327
20,94,65,119,29,51.478150704935004,1.7751086449977587
840,71,854,150,41,80.23091673413684,1.9568516276618741
166,550,196,618,10,74.32361670424818,7.432361670424818
273,153,341,198,2,81.54140052758476,40.77070026379238
387,249,405,309,11,62.6418390534633,5.694712641223936
600,673,662,685,13,63.150613615387776,4.857739508875983
315,437,352,469,10,48.91829923454004,4.8918299234540035
13,117,38,213,14,99.20181449953424,7.085843892823874
241,770,289,862,18,103.76897416858277,5.76494300936571
776,890,841,903,9,66.2872536767062,7.365250408522911
345,305,398,336,39,61.40032573203501,1.574367326462436
564,267,643,345,28,111.01801655587259,3.9649291627097356
897,960,970,980,3,75.69015788066504,25.230052626888348
339,53,354,71,20,23.430749027719962,1.1715374513859982
91,235,140,328,6,105.11898020814318,17.519830034690532
366,388,454,448,27,106.50821564555478,3.94474872761314
955,989,1023,1052,2,92.69843580125827,46.349217900629135
454,733,466,739,29,13.416407864998739,0.46263475396547377
427,762,486,794,38,67.11929677819934,1.7662972836368247
508,824,545,917,3,100.08995953640904,33.36331984546968
775,400,836,443,16,74.63243262818116,4.664527039261323
942,623,985,625,30,43.04648650006177,1.4348828833353922
34,766,104,826,40,92.19544457292888,2.3048861143232218
205,302,244,325,2,45.27692569068709,22.638462845343543
80,918,136,1001,17,100.12492197250393,5.889701292500231
931,206,994,237,41,70.21395872616783,1.7125355786870202
561,228,607,233,12,46.2709412050371,3.855911767086425
871,852,959,935,35,120.96693763173474,3.456198218049564
387,909,398,943,43,35.73513677041127,0.8310496923351459
1,577,63,587,1,62.80127387243033,62.80127387243033
389,74,466,163,45,117.6860229593982,2.6152449546532934
565,434,663,436,15,98.02040603874276,6.534693735916184
105,102,130,113,26,27.313000567495326,1.0505000218267433
771,421,842,471,37,86.83893136145792,2.3469981449042683
821,703,873,734,21,60.53924347066124,2.8828211176505354
476,763,480,819,49,56.142675390472796,1.145768885519853
702,737,761,816,31,98.60020283954795,3.1806517045015466
401,805,473,878,25,102.53292154230269,4.101316861692108
729,305,749,392,23,89.26925562588724,3.8812719837342278
555,97,648,180,24,124.65151423067431,5.193813092944763
161,849,224,858,38,63.63961030678928,1.6747265870207706
201,797,255,896,28,112.76967677527502,4.027488456259822
957,334,1031,355,21,76.92203845452875,3.6629542121204164
995,858,1093,931,43,122.20065466273084,2.8418756898309496
269,434,326,462,18,63.50590523722971,3.5281058465127617
862,446,952,508,36,109.288608738514,3.0357946871809443
815,993,856,1000,35,41.593268686170845,1.188379105319167
270,307,273,387,45,80.05623023850174,1.779027338633372
455,248,461,264,9,17.08800749063506,1.8986674989594512
461,165,466,262,38,97.12878049270464,2.556020539281701
726,480,731,484,30,6.4031242374328485,0.21343747458109494
251,983,305,987,44,54.147945482723536,1.230635124607353
701,334,748,374,34,61.71709649683789,1.815208720495232
295,541,382,558,32,88.64536084872124,2.7701675265225387
724,758,773,810,3,71.449282711585,23.816427570528333
719,105,728,198,3,93.43446901438462,31.144823004794873
748,562,847,614,28,111.8257573191436,3.9937770471122715
337,80,357,116,44,41.182520563948,0.9359663764533637
878,132,939,170,15,71.8679344353238,4.791195629021587
52,796,87,846,41,61.032778078668514,1.488604343382159
791,899,841,962,23,80.43009387039157,3.4969606030605034
921,137,1003,200,40,103.40696301506973,2.5851740753767434
216,183,278,245,11,87.68124086713189,7.97102189701199
763,400,780,499,48,100.44899203078147,2.092687333974614
187,329,275,336,32,88.2779700718135,2.758686564744172
379,784,382,811,36,27.16615541441225,0.754615428178118
492,507,524,599,33,97.40636529508737,2.9517080392450716
40,851,139,937,24,131.13733259449805,5.464055524770752
156,983,169,997,39,19.1049731745428,0.48987110703955894
14,68,103,139,34,113.85077953180645,3.348552339170778
812,545,885,631,28,112.80514172678478,4.028755061670885
64,773,132,778,37,68.18357573492314,1.8427993441871118
856,52,870,107,7,56.753854494650845,8.107693499235834
838,449,936,451,4,98.02040603874276,24.50510150968569
520,204,531,266,37,62.96824596572466,1.701844485560126
343,125,399,216,1,106.85036265731624,106.85036265731624
128,746,195,767,1,70.21395872616783,70.21395872616783
647,42,739,121,47,121.26417442921878,2.580088817642953
471,751,500,772,20,35.805027579936315,1.7902513789968157
62,970,71,980,19,13.45362404707371,0.7080854761617742
138,882,205,969,29,109.80892495603443,3.7865146536563596
498,110,523,168,10,63.15853069855251,6.315853069855251
592,760,690,799,18,105.47511554864494,5.859728641591385
391,662,467,667,28,76.16429609731846,2.7201534320470877
674,182,716,247,35,77.38862965578342,2.211103704450955
418,847,427,860,43,15.811388300841896,0.3677067046707418
288,94,367,179,47,116.04309544302927,2.4690020307027507
378,970,418,1060,31,98.48857801796105,3.177050903805195
772,373,797,458,27,88.60022573334675,3.2814898419758056
489,911,494,964,11,53.23532661682466,4.8395751469840596
230,519,241,601,49,82.73451516749222,1.688459493214127
40,899,99,944,49,74.2024258363566,1.5143352211501346
27,359,125,391,38,103.09219175087898,2.712952414496815
134,899,222,935,5,95.0789145920377,19.01578291840754
200,695,279,776,8,113.14592347937243,14.143240434921553
839,280,877,379,34,106.04244433244644,3.1188954215425424
779,194,851,254,48,93.72299611087985,1.9525624189766635
929,863,934,874,12,12.083045973594572,1.0069204977995476
32,194,80,257,38,79.20227269466452,2.0842703340701187
47,666,137,687,1,92.41753080449618,92.41753080449618
502,92,520,144,31,55.02726596879042,1.7750730957674328
406,671,476,726,4,89.02246907382428,22.25561726845607
573,945,610,971,49,45.221676218380054,0.9228913513955113
727,60,787,128,45,90.68627239003708,2.0152504975563796
804,633,852,667,5,58.82176467941097,11.764352935882194
98,50,175,102,30,92.91393867445294,3.097131289148431
683,402,711,484,24,86.64871608973787,3.6103631704057446
871,788,940,887,3,120.6731121667126,40.22437072223753
725,4,802,97,11,120.7393887677091,10.976308069791736
986,465,1067,517,45,96.25487000666512,2.1389971112592248
546,603,586,632,4,49.4064773081425,12.351619327035625
960,681,1005,719,26,58.89821729050889,2.2653160496349574
738,828,834,870,27,104.78549517943789,3.8809442659051068
612,533,674,554,46,65.45991139621256,1.4230415520915773
942,404,1035,446,43,102.04410811016969,2.3731187932597604
461,837,519,850,27,59.43904440685432,2.2014460891427525
642,512,709,576,42,92.65527507918802,2.206077978075905
768,644,824,661,6,58.52349955359813,9.753916592266355
4,232,44,241,15,41.0,2.7333333333333334
217,523,315,564,30,106.23088063270491,3.541029354423497
502,345,542,346,42,40.01249804748511,0.9526785249401216
766,45,857,47,37,91.02197536858887,2.46005338834024
397,545,474,605,37,97.6165969494942,2.6382864040403837
870,944,903,992,42,58.249463516842795,1.386891988496257
794,77,800,106,37,29.614185789921695,0.8003833997276134
392,729,480,826,35,130.96946208945045,3.7419846311271554
206,812,225,822,23,21.470910553583888,0.9335178501558212
14,922,94,980,6,98.812954616285,16.46882576938083
857,72,897,132,4,72.11102550927978,18.027756377319946
553,793,645,814,18,94.36630754670864,5.242572641483814
891,248,988,276,9,100.96038827183659,11.217820919092954
460,46,519,121,49,95.42536350467836,1.9474563980546604
690,120,749,154,29,68.09552114493287,2.3481214187907886
574,213,622,221,13,48.662100242385755,3.7432384801835195
863,238,904,297,47,71.84705978674423,1.5286608465264728
742,55,755,141,17,86.97700845625813,5.116294615074008
240,349,285,421,45,84.90583018850944,1.886796226411321
563,106,652,155,32,101.59724405711013,3.1749138767846916
95,830,148,909,48,95.13148795220224,1.9819059990042132
899,47,941,64,22,45.31004303683677,2.059547410765308
733,572,796,632,4,87.0,21.75
484,336,511,423,5,91.09335870413386,18.21867174082677
406,25,444,113,37,95.85405573057407,2.59065015488038
230,803,290,848,41,75.0,1.829268292682927
748,256,755,339,49,83.2946576918352,1.6998909733027592
654,7,659,76,13,69.18092222571191,5.321609401977839
170,624,215,656,34,55.21775076911409,1.624051493209238
540,866,598,910,45,72.80109889280519,1.6178021976178931
35,252,66,317,22,72.01388754955533,3.273358524979788
524,691,547,778,23,89.98888820293314,3.912560356649267
159,718,201,726,3,42.7551166528639,14.251705550954632
838,302,848,379,42,77.64663547121665,1.848729415981349
698,638,730,710,34,78.79086241436883,2.3173783063049656
242,55,295,142,32,101.87246929372037,3.1835146654287616
85,725,115,768,45,52.43090691567332,1.1651312647927403
795,525,834,526,49,39.01281840626232,0.7961799674747412
577,473,608,524,21,59.682493245507096,2.8420234878812902
681,27,763,51,46,85.44003745317531,1.8573921185472893
556,982,558,1081,44,99.02019995940222,2.250459089986414
573,77,651,101,21,81.60882305241266,3.8861344310672696
952,215,1029,232,44,78.85429601486528,1.7921430912469383
645,385,738,390,11,93.13431161500041,8.466755601363674
795,364,807,384,39,23.323807579381203,0.5980463481892616
27,665,66,686,4,44.294469180700204,11.073617295175051
619,525,685,583,1,87.86353054595519,87.86353054595519
555,698,651,729,28,100.88111815399351,3.6028970769283397
339,311,352,322,24,17.029386365926403,0.7095577652469335
797,882,843,934,35,69.42621983083913,1.9836062808811181
957,6,984,21,13,30.886890422961002,2.375914647920077
330,2,347,85,47,84.72307831990054,1.8026186876574581
639,622,734,629,34,95.25754563287887,2.8016925186140846
505,918,603,946,11,101.92153844992725,9.265594404538842
347,749,407,800,36,78.74642849044012,2.1874007914011147
472,362,536,420,17,86.37129152675674,5.0806642074562784
230,750,318,755,35,88.14193099768123,2.518340885648035
189,507,224,512,18,35.35533905932738,1.9641855032959654
224,273,294,367,40,117.2006825918689,2.9300170647967225
384,505,467,601,22,126.90547663517127,5.768430756144149
376,805,406,813,24,31.04834939252005,1.2936812246883354
282,738,353,802,19,95.58765610684259,5.030929268781189
957,882,1031,892,37,74.67261881037788,2.01817888676697
632,14,728,52,39,103.24727599312246,2.647366051105704
627,191,725,287,21,137.18600511714013,6.532666910340006
972,984,1035,1076,8,111.50336317797773,13.937920397247217
744,630,772,711,28,85.70297544426332,3.0608205515808327
258,484,318,579,5,112.36102527122117,22.472205054244235
358,27,437,35,17,79.40403012442127,4.670825301436545
709,713,803,738,37,97.26767191621273,2.6288559977354793
455,38,492,111,36,81.8413098624405,2.273369718401125
410,952,503,1018,19,114.03946685248927,6.002077202762593
648,272,670,351,27,82.00609733428362,3.037262864232727
317,230,385,280,34,84.40379138403677,2.4824644524716697
676,85,696,152,11,69.92138442565336,6.356489493241214
224,473,320,522,45,107.78218776773832,2.3951597281719628
818,125,886,161,47,76.94153624668537,1.6370539626954335
233,811,324,879,12,113.6001760562016,9.4666813380168
683,536,747,614,21,100.89598604503551,4.80457076404931
663,144,680,185,11,44.384682042344295,4.034971094758572
974,524,986,613,39,89.80534505250787,2.3027011551925094
826,211,848,273,28,65.7875368135941,2.3495548861997895
373,24,390,34,5,19.72308292331602,3.944616584663204
671,579,681,600,17,23.259406699226016,1.3682003940721186
607,393,672,429,20,74.30343195303969,3.7151715976519846
471,66,493,78,41,25.059928172283335,0.6112177602995935
232,232,322,323,46,127.98828071350908,2.7823539285545453
691,108,773,110,12,82.02438661763951,6.835365551469959
112,145,162,158,6,51.66236541235796,8.610394235392993
829,110,843,163,17,54.817880294662984,3.224581193803705
496,227,560,259,19,71.55417527999327,3.766009225262804
441,110,488,205,26,105.99056561788883,4.0765602160726475
563,469,592,485,48,33.12099032335839,0.6900206317366332
267,33,343,65,44,82.46211251235322,1.8741389207353003
509,622,545,654,44,48.16637831516918,1.0946904162538451
806,775,905,873,32,139.30183056945089,4.35318220529534
385,935,437,946,6,53.150729063673246,8.858454843945541
386,368,462,378,36,76.6550715869472,2.1293075440818665
112,747,119,762,38,16.55294535724685,0.43560382519070656
612,594,641,611,11,33.61547262794322,3.0559520570857472
624,553,635,593,33,41.48493702538308,1.2571193037994874
951,424,984,442,24,37.589892258425,1.5662455107677085
80,612,86,667,23,55.326304774492215,2.405491511934444
698,517,777,590,15,107.56393447619885,7.1709289650799235
112,691,144,716,27,40.607881008493905,1.5039955929071818
1,281,52,340,11,77.98717843338096,7.089743493943724
641,319,716,397,17,108.2081327812286,6.365184281248741
219,737,277,826,14,106.23088063270491,7.587920045193208
565,442,652,464,27,89.73850901368932,3.3236484819884935
854,951,880,981,18,39.698866482558415,2.2054925823643563
996,314,1094,398,28,129.07362240210043,4.6097722286464435
735,876,781,961,47,96.64884893261792,2.056358487928041
224,965,322,1009,47,107.42439201596628,2.2856253620418356
384,740,413,772,4,43.18564576337837,10.796411440844592
402,376,406,427,7,51.15662224971465,7.308088892816379
637,288,718,334,45,93.15041599477696,2.070009244328377
129,436,228,457,35,101.20276676059801,2.8915076217313715
52,661,65,760,48,99.84988733093293,2.080205986061103
683,276,722,308,9,50.44799302251776,5.605332558057529
729,709,744,803,8,95.1892851112981,11.898660638912263
671,581,700,620,45,48.60041152089147,1.0800091449086993
709,502,738,514,17,31.38470965295043,1.8461593913500254
415,623,490,670,17,88.50988645343524,5.206463909025603
246,515,278,533,49,36.71511950137164,0.7492881530892171
835,349,837,370,33,21.095023109728988,0.6392431245372421
438,842,485,855,32,48.76474136094644,1.5238981675295762
202,445,280,466,8,80.77747210701756,10.097184013377195
183,829,267,837,19,84.38009243891595,4.44105749678505
122,349,144,395,38,50.99019513592785,1.341847240419154
400,606,475,613,3,75.32595834106593,25.10865278035531
766,663,793,686,5,35.4682957019364,7.093659140387279
293,822,360,918,13,117.06835610018618,9.005258161552783
279,136,360,211,47,110.39021695784459,2.348728020379672
836,758,892,844,46,102.62553288534,2.230989845333478
883,898,975,920,31,94.59386872308374,3.0514151200994757
609,242,702,331,16,128.7245120402482,8.045282002515512
197,542,218,564,32,30.4138126514911,0.9504316453590969
981,39,1028,131,22,103.31021246711285,4.69591874850513
906,228,986,257,29,85.09406559801923,2.9342781240696287
510,547,569,560,22,60.41522986797286,2.7461468121805845
751,919,835,1001,43,117.38824472663352,2.7299591796891516
143,222,149,224,3,6.324555320336759,2.1081851067789197
608,5,627,34,10,34.66987164671943,3.466987164671943
200,321,257,406,42,102.34256201600583,2.436727667047758
123,467,192,546,21,104.89041900955492,4.994781857597853
186,731,189,783,16,52.08646657242167,3.2554041607763544
325,74,326,101,12,27.018512172212592,2.251542681017716
463,3,521,53,2,76.57675887630658,38.28837943815329
348,846,386,941,41,102.31813133555558,2.4955641789159895
770,645,785,724,24,80.4114419718985,3.350476748829104
659,117,693,140,35,41.048751503547585,1.172821471529931
763,880,824,968,30,107.07474025184464,3.5691580083948216
954,605,989,649,30,56.22277118748239,1.8740923729160797
931,503,995,580,47,100.12492197250393,2.1303174887766794
402,997,427,1019,35,33.301651610693426,0.9514757603055265
345,946,369,989,19,49.24428900898052,2.5918046846831855
962,573,974,610,8,38.897300677553446,4.862162584694181
510,440,528,501,26,63.60031446463138,2.4461659409473606
146,193,161,290,49,98.15294188153507,2.0031212628884707
147,846,227,902,40,97.65244492586962,2.4413111231467406
863,714,890,717,7,27.16615541441225,3.8808793449160355
710,391,782,454,30,95.67131231461184,3.1890437438203945
819,25,879,44,7,62.93647591023825,8.990925130034036
488,434,534,457,3,51.42956348249516,17.143187827498387
928,172,1017,201,1,93.60555539069249,93.60555539069249
935,299,952,329,36,34.48187929913333,0.9578299805314815
639,644,732,683,25,100.84641788382967,4.033856715353187
550,325,603,350,37,58.60034129593445,1.5837930079982283
337,409,345,417,1,11.313708498984761,11.313708498984761
871,117,950,175,15,98.00510190801293,6.533673460534195
640,835,667,851,37,31.38470965295043,0.8482353960256873
778,786,824,858,13,85.44003745317531,6.572310573321177
987,723,1037,724,40,50.00999900019995,1.2502499750049987
952,224,1023,229,8,71.17583859709698,8.896979824637123
472,531,475,534,5,4.242640687119285,0.8485281374238569
945,112,1038,177,9,113.46365056704283,12.607072285226982
150,139,214,143,1,64.1248781675256,64.1248781675256
414,558,458,657,36,108.33743581975715,3.0093732172154763
989,0,1042,96,35,109.65856099730654,3.1331017427801866
297,89,321,153,2,68.35202996254024,34.17601498127012
610,653,670,751,40,114.9086593777858,2.872716484444645
262,319,265,408,23,89.05054744357274,3.8717629323292497
763,549,783,559,9,22.360679774997898,2.4845199749997664
143,804,189,825,34,50.566787519082126,1.487258456443592
345,893,360,939,46,48.38388161361178,1.0518235133393865
623,138,648,229,14,94.37160589923221,6.7408289928023
571,510,665,537,4,97.8008179924892,24.4502044981223
880,867,958,933,30,102.17631819555841,3.4058772731852804
1,844,72,885,31,81.98780397107853,2.6447678700347916
896,258,913,271,38,21.400934559032695,0.5631824883955973
303,672,387,681,11,84.48076704197234,7.680069731088395
253,901,262,937,35,37.107950630558946,1.0602271608731126
651,689,689,775,8,94.02127418834527,11.75265927354316
452,9,500,99,3,102.0,34.0
36,260,96,318,14,83.45058418010026,5.960756012864304
159,918,222,972,13,82.97590011563598,6.382761547356614
8,649,94,661,45,86.83317338436964,1.9296260752082144
232,171,234,252,32,81.02468759581859,2.532021487369331
98,897,186,975,34,117.5925167687128,3.458603434373906
658,12,730,26,45,73.348483283569,1.6299662951904221
815,167,826,201,19,35.73513677041127,1.8807966721269092
207,641,271,694,38,83.09632964216891,2.186745516899182
130,595,207,615,16,79.55501241279521,4.9721882757997005
403,320,484,395,2,110.39021695784459,55.19510847892229
151,318,223,334,40,73.7563556583431,1.8439088914585775
53,612,74,707,17,97.29337079164233,5.723139458331902
119,328,137,398,34,72.27724399837061,2.1258012940697237
672,784,766,840,42,109.41663493271945,2.6051579745885585
919,776,983,859,16,104.80935072788114,6.550584420492571
627,970,709,1028,38,100.43903623591775,2.6431325325241515
586,910,681,914,2,95.08417323613851,47.542086618069256
624,919,662,923,2,38.2099463490856,19.1049731745428
967,549,999,569,26,37.73592452822641,1.4513817126240929
419,418,430,428,13,14.866068747318506,1.1435437497937313
421,605,466,629,47,51.0,1.0851063829787233
103,94,192,193,31,133.12400234367956,4.2943226562477275
851,816,884,842,34,42.01190307520001,1.235644208094118
253,580,294,617,39,55.226805085936306,1.4160719252804181
226,317,234,402,3,85.37564055396598,28.458546851321994
111,955,122,1009,8,55.10898293381942,6.888622866727427
509,235,595,256,23,88.52683209061533,3.848992699591971
472,945,523,1019,14,89.87213138676528,6.41943795619752
98,333,186,371,27,95.85405573057407,3.550150212243484
152,884,193,930,29,61.61980201201558,2.1248207590350203
860,375,877,379,39,17.46424919657298,0.4478012614505892
913,458,989,518,39,96.82974749528164,2.4828140383405546
895,136,941,193,1,73.24616030891995,73.24616030891995
877,929,909,974,17,55.21775076911409,3.248102986418476
337,587,416,607,41,81.49233092751734,1.987617827500423
705,994,785,1011,30,81.78630692236935,2.726210230745645
821,546,875,617,13,89.20201791439474,6.861693685722672
162,512,248,516,21,86.09297300012354,4.099665380958264
719,295,811,388,19,130.8166656049603,6.885087663418963
956,319,976,333,19,24.413111231467404,1.2849005911298634
680,917,713,920,25,33.13608305156178,1.3254433220624713
995,571,1069,659,22,114.97825881443848,5.226284491565385
160,831,200,911,31,89.44271909999159,2.8852490032255353
579,348,611,406,17,66.24198064671678,3.896587096865693
800,839,897,894,23,111.50784725749125,4.8481672720648366
397,778,399,782,32,4.47213595499958,0.13975424859373686
276,872,373,896,10,99.92497185388645,9.992497185388645
815,228,848,262,10,47.38143096192854,4.738143096192854
915,269,992,299,36,82.63776376451628,2.29549343790323
503,827,533,909,8,87.31551981177229,10.914439976471536
895,797,928,816,20,38.07886552931954,1.9039432764659772
391,290,468,321,32,83.00602387778854,2.5939382461808917
134,724,160,784,14,65.39113089708727,4.670795064077661
194,164,216,224,28,63.90618123468183,2.282363615524351
400,4,466,23,46,68.6804193347711,1.4930525942341544
639,850,677,899,24,62.00806399170998,2.583669332987916
32,378,122,441,15,109.85900054160332,7.323933369440222
687,77,733,160,22,94.89467845985885,4.3133944754481295
459,409,474,431,30,26.627053911388696,0.8875684637129565
954,573,1052,597,4,100.89598604503551,25.22399651125888
882,131,926,207,13,87.8179936004006,6.755230276953892
469,600,518,630,23,57.4543296888929,2.498014334299691
374,748,449,806,8,94.81033698917012,11.851292123646266
21,41,82,72,18,68.42514157822401,3.8013967543457787
749,88,816,152,12,92.65527507918802,7.721272923265668
669,401,675,420,31,19.924858845171276,0.6427373821022992
37,295,46,343,14,48.83646178829912,3.4883186991642225
229,839,235,884,34,45.39823785126467,1.3352422897430785
364,294,437,388,18,119.01680553602503,6.612044752001391
562,615,657,670,34,109.77249200050075,3.2286027058970808
437,525,469,580,11,63.631753079732135,5.784704825430194
775,799,816,896,41,105.30906893520614,2.5685138764684425
282,690,358,708,12,78.10249675906654,6.508541396588878
26,636,34,699,49,63.50590523722971,1.2960388823924431
225,421,297,513,15,116.82465493208187,7.788310328805458
276,864,326,911,31,68.62215385719105,2.2136178663610018
797,22,889,97,49,118.69709347747316,2.4223896628055748
608,574,670,631,29,84.21995013059554,2.904136211399846
283,142,367,187,26,95.29428104561154,3.665164655600444
878,992,940,1025,18,70.2353187506115,3.90196215281175
959,664,966,681,32,18.384776310850235,0.5745242597140698
480,144,555,214,22,102.59142264341595,4.663246483791634
452,224,536,228,38,84.09518416651456,2.2130311622766987
828,502,908,522,17,82.46211251235322,4.85071250072666
815,961,819,1008,23,47.16990566028302,2.0508654634905663
658,973,664,1064,24,91.19758768739445,3.7998994869747684
515,820,573,835,8,59.90826320300064,7.48853290037508
546,615,568,685,41,73.37574531137656,1.789652324667721
191,103,217,150,6,53.71219600798314,8.952032667997189
48,946,51,1024,5,78.05767098754612,15.611534197509224
511,38,552,113,44,85.47514258543241,1.9426168769416456
16,946,76,955,29,60.67124524847005,2.092111905119657
171,197,185,287,28,91.0823802938856,3.2529421533530574
219,645,294,661,11,76.68767828015137,6.971607116377398
157,578,239,647,1,107.16809226630845,107.16809226630845
476,390,488,451,43,62.16912416947821,1.4457935853367025
45,178,132,188,19,87.5728268357257,4.609096149248721
372,967,384,1017,9,51.419840528729765,5.7133156143033075
517,553,530,556,27,13.341664064126334,0.4941357060787531
98,447,123,524,34,80.95677859203639,2.3810817232951877
891,499,936,593,44,104.21612159354233,2.3685482180350528
744,14,763,84,4,72.53275122315436,18.13318780578859
36,622,91,703,36,97.9081201943945,2.719670005399847
279,668,324,719,18,68.01470429252781,3.7785946829182118
348,288,356,307,15,20.615528128088304,1.3743685418725535
496,477,589,519,13,102.04410811016969,7.849546777705361
301,230,354,265,19,63.51377803280167,3.342830422779035
180,922,235,968,49,71.7007670809734,1.463280960836192
606,419,638,445,6,41.23105625617661,6.871842709362768
98,156,149,225,48,85.80209787645055,1.7875437057593864
699,549,743,642,12,102.88342918079665,8.573619098399721
992,440,1074,504,37,104.01922899156675,2.8113305132855877
115,96,185,133,17,79.17701686727027,4.6574715804276625
190,996,208,1080,23,85.90692637965812,3.7350837556373095
252,410,335,459,26,96.38464608017192,3.7071017723143047
980,950,1002,971,29,30.4138126514911,1.0487521603962449
927,288,964,362,33,82.73451516749222,2.507106520227037
982,253,1078,317,27,115.37764081484765,4.273245956105469
160,195,216,200,25,56.22277118748239,2.2489108474992956
255,597,314,667,10,91.54780172128658,9.154780172128657
322,833,325,923,47,90.0499861188218,1.9159571514642937
127,521,155,525,23,28.284271247461902,1.2297509238026914
17,516,91,555,21,83.64807230295268,3.983241538235842
792,634,827,669,21,49.49747468305833,2.3570226039551585
734,841,795,842,43,61.00819617067857,1.4187952597832227
565,864,658,888,13,96.04686356149273,7.388220273960979
569,117,623,174,37,78.5175139698144,2.122094972157146
322,805,385,875,33,94.17536832951598,2.853799040288363
871,908,950,949,24,89.00561780022652,3.7085674083427715
685,158,782,212,44,111.01801655587259,2.5231367399061955
791,814,798,860,11,46.52956049652737,4.229960045138852
625,227,701,287,17,96.82974749528164,5.695867499722449
287,876,336,936,4,77.46612162745726,19.366530406864314
942,215,1036,272,47,109.9317970379817,2.3389744050634405
853,947,938,978,25,90.47651629014017,3.6190606516056065
662,695,693,779,30,89.5377015563835,2.98459005187945
961,14,1019,38,9,62.76941930590086,6.974379922877874
638,156,699,245,21,107.89810007595129,5.13800476552149
154,647,178,683,20,43.266615305567875,2.1633307652783937
489,260,509,345,19,87.32124598286491,4.595855051729732
385,156,422,186,19,47.634021455258214,2.507053760803064
985,46,989,70,12,24.331050121192877,2.0275875100994063
784,323,876,353,37,96.76776322722355,2.6153449520871233
103,843,123,929,42,88.29496021857646,2.102260957585154
928,684,988,776,17,109.83624174196785,6.460955396586344
392,129,416,136,37,25.0,0.6756756756756757
810,410,860,445,48,61.032778078668514,1.2715162099722608
245,94,294,149,39,73.66138744281159,1.888753524174656
175,626,226,718,28,105.19030373565806,3.756796561987788
38,754,134,768,41,97.01546268507923,2.3662307971970544
476,931,512,941,35,37.36308338453881,1.0675166681296804
681,291,779,371,47,126.50691680694776,2.691636527807399
758,793,824,809,48,67.91170738539859,1.414827237195804
537,810,616,864,18,95.69221493935649,5.316234163297583
866,282,900,377,14,100.90094152187085,7.207210108705061
817,68,853,157,35,96.00520819205592,2.7430059483444547
920,659,926,736,44,77.23341245859851,1.7553048286045116
407,10,446,80,41,80.1311425102625,1.9544181100064026
524,253,566,297,7,60.8276253029822,8.689660757568886
827,841,885,914,41,93.23625904121208,2.2740550985661483
505,871,517,916,13,46.57252408878007,3.5825018529830825
902,549,905,605,18,56.08029957123981,3.115572198402212
824,133,842,217,37,85.90692637965812,2.321808821071841
35,711,75,793,13,91.23595782365635,7.018150601819719
684,22,705,79,36,60.74537019394976,1.6873713942763822
19,814,34,835,31,25.80697580112788,0.8324830903589638
320,345,417,413,2,118.46096403457132,59.23048201728566
775,301,874,351,16,110.90987332063814,6.931867082539884
511,362,537,395,9,42.01190307520001,4.667989230577779
399,395,407,486,9,91.35097153287424,10.150107948097137
653,217,747,224,38,94.26027795418386,2.4805336303732597
971,140,1058,210,11,111.66467659918243,10.151334236289312
882,615,924,630,22,44.598206241955516,2.0271911928161597
470,957,514,1039,33,93.05912099305473,2.819973363425901
142,209,156,241,36,34.92849839314596,0.9702360664762766
91,984,169,1059,45,108.2081327812286,2.404625172916191
353,992,355,1012,23,20.09975124224178,0.8739022279235557
833,622,870,710,45,95.46203433826454,2.121378540850323
799,615,868,630,45,70.61161377563892,1.5691469727919758
726,827,764,875,34,61.220911460055866,1.8006150429428196
958,682,999,753,9,81.98780397107853,9.109755996786504
853,459,915,480,24,65.45991139621256,2.7274963081755232
50,355,110,397,8,73.23933369440222,9.154916711800277
664,323,678,349,7,29.5296461204668,4.2185208743524
697,132,786,146,36,90.09439494219383,2.5026220817276066
574,887,658,944,18,101.51354589413178,5.639641438562877
189,804,191,841,3,37.05401462729781,12.35133820909927
124,839,194,897,28,90.9065454189081,3.246662336389575
149,126,166,147,6,27.018512172212592,4.503085362035432
313,105,402,187,44,121.01652779682617,2.7503756317460493
569,603,597,672,44,74.46475676452586,1.692380835557406
341,798,407,801,21,66.06814663663572,3.146102220792177
304,377,339,464,28,93.77632963600144,3.349154629857194
691,904,696,994,40,90.13878188659973,2.2534695471649933
681,50,746,87,1,74.79304780526061,74.79304780526061
837,28,877,116,36,96.66436778875658,2.6851213274654606
782,461,858,510,21,90.4267659490264,4.306036473763162
53,295,109,314,43,59.135437767890075,1.3752427387881412
443,296,479,385,35,96.00520819205592,2.7430059483444547
612,725,657,810,13,96.17692030835673,7.398224639104364
992,778,1015,790,49,25.942243542145693,0.5294335416764427
263,406,310,467,10,77.00649323271382,7.700649323271382
52,768,83,809,44,51.40038910358559,1.168190661445127
571,813,582,846,47,34.785054261852174,0.7401075374862165
619,612,629,662,10,50.99019513592785,5.0990195135927845
4,404,71,472,46,95.46203433826454,2.075261616049229
102,345,116,416,13,72.3671196055225,5.566701508117116
195,621,275,707,37,117.45637488020819,3.174496618384005
773,419,847,452,38,81.02468759581859,2.1322286209425947
876,181,969,262,24,123.3288287465668,5.138701197773616
991,982,1001,1006,2,26.0,13.0
883,824,959,885,22,97.45255255764212,4.4296614798928236
349,0,443,61,17,112.05802068571441,6.591648275630259
46,830,47,928,36,98.00510190801293,2.722363941889248
866,949,871,977,14,28.442925306655784,2.0316375219039844
822,566,842,624,10,61.35144660071187,6.1351446600711865
935,370,943,413,35,43.73785545725808,1.2496530130645165
819,935,862,976,25,59.413803110051795,2.376552124402072
655,910,731,949,3,85.42247947700886,28.47415982566962
268,660,269,746,47,86.00581375697809,1.8299109309995338
369,430,426,479,38,75.16648189186454,1.9780653129438035
635,968,699,985,17,66.21933252457322,3.89525485438666
105,308,189,406,12,129.07362240210043,10.756135200175036
669,136,697,206,24,75.39230729988306,3.1413461374951273
658,201,695,271,29,79.17701686727027,2.730241960940354
656,435,703,533,43,108.6876257906115,2.527619204432826
119,312,195,377,25,100.00499987500625,4.00019999500025
830,116,867,190,36,82.73451516749222,2.298180976874784
786,665,835,750,26,98.11218069128827,3.7735454112033953
603,936,647,941,38,44.28317965096906,1.1653468329202383
57,802,113,804,1,56.0357029044876,56.0357029044876
950,574,978,596,20,35.608987629529715,1.7804493814764857
345,243,424,300,28,97.41663102366043,3.479165393702158
740,536,746,602,16,66.27216610312357,4.142010381445223
473,601,534,675,47,95.90099061010788,2.0404466087257
116,74,136,172,17,100.0199980003999,5.88352929414117
829,805,907,821,40,79.62411694957753,1.9906029237394383
790,385,792,436,28,51.03920062069938,1.8228285935964066
126,902,199,941,12,82.76472678623425,6.897060565519521
392,209,429,295,27,93.62157870918435,3.4674658781179386
907,474,927,550,42,78.587530817554,1.871131686132238
640,417,666,505,47,91.76055797563569,1.9523522973539509
57,346,86,386,30,49.4064773081425,1.6468825769380833
633,528,634,566,41,38.01315561749642,0.9271501370121079
512,639,547,699,34,69.46221994724903,2.043006469036736
750,938,820,997,37,91.54780172128658,2.4742649113861237
801,954,860,964,6,59.841457201508724,9.973576200251454
95,875,164,974,7,120.6731121667126,17.239016023816085
637,762,670,826,32,72.00694410957877,2.2502170034243365
117,178,168,241,32,81.05553651663777,2.5329855161449304
559,181,637,230,25,92.11405973031478,3.684562389212591
600,663,612,727,33,65.11528238439882,1.9731903752848128
487,24,507,56,7,37.73592452822641,5.3908463611752016
236,966,289,973,12,53.46026561849464,4.455022134874553
884,179,972,200,16,90.47098982546837,5.654436864091773
896,709,939,729,16,47.4236228055175,2.963976425344844
271,500,369,526,43,101.39033484509261,2.357914763839363
188,855,277,923,36,112.0044641967453,3.1112351165762586
998,160,1048,246,13,99.4786409235671,7.6522031479667
703,176,732,191,7,32.64965543462902,4.664236490661288
446,284,503,369,36,102.34256201600583,2.8428489448890506
580,62,619,141,47,88.10221336606703,1.8745151780014262
789,661,884,747,9,128.14444974324874,14.238272193694305
860,665,916,757,32,107.70329614269008,3.365728004459065
246,155,289,169,11,45.221676218380054,4.111061474398187
962,881,1012,908,8,56.824290580701486,7.103036322587686
75,468,98,508,33,46.14108798023731,1.3982147872799184
153,48,197,106,23,72.80109889280519,3.1652651692523994
655,966,693,994,25,47.20169488482379,1.8880677953929514
434,848,518,874,8,87.93179174792243,10.991473968490304
996,83,1019,146,45,67.06713054842886,1.4903806788539748
85,360,130,426,22,79.88116173416608,3.6309618970075492
696,688,748,713,4,57.697486947006624,14.424371736751656
284,147,364,150,40,80.05623023850174,2.0014057559625433
973,629,1023,701,3,87.65842800324451,29.219476001081503
219,341,227,385,29,44.721359549995796,1.5421158465515792
68,475,153,572,41,128.9728653632228,3.1456796430054346
46,62,47,104,29,42.01190307520001,1.4486863129379315
93,700,101,799,34,99.32270636667126,2.921256069607978
749,359,778,365,34,29.614185789921695,0.8710054644094616
957,560,1053,599,28,103.61949623502326,3.7006962941079737
452,326,457,378,13,52.23983154643591,4.01844858049507
203,768,289,791,15,89.02246907382428,5.934831271588285
911,735,958,824,23,100.64790112068906,4.375995700899524
217,140,251,190,44,60.4648658313239,1.3742014961664522
473,989,538,1032,26,77.93587107359485,2.997533502830571
431,214,486,233,4,58.18934610390462,14.547336525976155
340,434,430,503,26,113.4063490286148,4.361782654946723
550,890,593,941,40,66.70832032063167,1.6677080080157918
611,951,685,962,9,74.81310045707235,8.312566717452484
288,722,318,734,5,32.31098884280702,6.4621977685614045
253,317,335,391,32,110.45361017187261,3.451675317871019
733,31,750,39,20,18.788294228055936,0.9394147114027968
356,669,382,693,11,35.38361202590826,3.2166920023552965
22,284,30,376,15,92.34717104492157,6.156478069661437
761,304,808,345,32,62.369864518050704,1.9490582661890845
521,428,597,464,28,84.09518416651456,3.003399434518377
757,476,848,561,22,124.52309022827855,5.660140464921752
836,285,908,357,41,101.82337649086284,2.4834969875820203
99,143,188,198,17,104.62313319720452,6.154301952776737
801,423,847,432,26,46.87216658103186,1.8027756377319948
179,18,247,65,44,82.66196223173026,1.8786809598120513
222,17,255,32,7,36.24913792078372,5.178448274397674
905,768,906,816,42,48.010415536631214,1.1431051318245526
761,589,780,671,26,84.17244204607586,3.2374016171567637
658,370,689,412,25,52.20153254455275,2.08806130178211
441,174,521,234,10,100.0,10.0
607,193,621,277,45,85.15867542417507,1.8924150094261127
768,501,821,571,19,87.80091115700337,4.621100587210703
324,987,372,999,11,49.47726750741192,4.497933409764721
515,112,584,114,13,69.02897942168927,5.3099214939760975
15,113,105,120,8,90.27181176868004,11.283976471085005
791,221,853,301,40,101.21264743103995,2.530316185775999
335,677,427,680,4,92.04890004774636,23.01222501193659
758,946,824,949,47,66.06814663663572,1.405705247587994
257,830,321,857,31,69.46221994724903,2.240716772491904
496,643,566,683,28,80.62257748298549,2.879377767249482
987,896,1050,929,11,71.11961754677819,6.465419776979835
895,263,968,355,43,117.44360348695028,2.7312465927197738
159,924,192,925,1,33.015148038438355,33.015148038438355
474,54,515,62,49,41.773197148410844,0.8525142275185886
851,870,940,902,47,94.57801012920498,2.012298087855425
663,642,711,690,38,67.88225099390856,1.7863750261554883
907,799,920,803,24,13.601470508735444,0.5667279378639768
689,777,762,871,47,119.01680553602503,2.5322724582132987
674,457,751,527,31,104.06248123122954,3.356854233265469
379,978,410,997,41,36.359317925395686,0.886812632326724
544,877,619,909,46,81.54140052758476,1.7726391419040164
928,161,996,170,26,68.59300255857006,2.6381924060988484
956,379,1054,391,49,98.73196037757987,2.014937966889385
690,992,694,1003,5,11.704699910719626,2.340939982143925
426,86,445,132,20,49.76946855251722,2.488473427625861
612,54,682,70,41,71.80529228406496,1.7513485922942673
267,475,365,476,11,98.00510190801293,8.909554718910266
834,799,916,862,33,103.40696301506973,3.1335443337899918
576,177,589,198,38,24.698178070456937,0.6499520544857088
416,390,439,420,27,37.8021163428716,1.4000783830693184
167,348,250,361,34,84.01190391843289,2.470938350542144
841,7,916,41,15,82.34682750416071,5.489788500277381
42,832,43,836,32,4.123105625617661,0.1288470508005519
555,312,643,340,21,92.34717104492157,4.3974843354724555
284,758,338,853,46,109.27488274987991,2.3755409293452154
396,834,467,893,5,92.31467922275417,18.462935844550834
11,983,100,1010,6,93.00537618869137,15.500896031448562
606,982,691,1051,38,109.48059188732951,2.8810682075613028
301,442,316,467,22,29.154759474226502,1.3252163397375682
897,766,962,769,18,65.06919393998976,3.61495521888832
252,327,328,424,14,123.22743201089601,8.801959429349715
498,53,569,121,10,98.3107318658548,9.831073186585481
753,760,768,785,46,29.154759474226502,0.6337991190049239
34,238,55,258,13,29.0,2.230769230769231
726,228,745,262,31,38.948684188300895,1.256409167364545
848,578,908,604,30,65.39113089708727,2.179704363236242
89,50,182,55,3,93.13431161500041,31.04477053833347
775,608,864,707,30,133.12400234367956,4.437466744789319
604,603,637,664,6,69.35416353759881,11.559027256266468
921,263,970,355,29,104.23531071570709,3.594321059162313
969,417,1065,510,8,133.6600164596728,16.7075020574591
601,802,636,811,44,36.138621999185304,0.8213323181633023
417,95,461,145,45,66.60330322138685,1.4800734049197077
114,87,204,93,43,90.19977827023745,2.0976692620985453
616,77,627,160,44,83.72574275573791,1.9028577899031343
902,287,1001,347,33,115.76268828944843,3.507960251195407
195,119,267,163,17,84.38009243891595,4.963534849347997
825,813,903,824,48,78.77182237323191,1.641079632775665
500,490,574,556,11,99.15644204992432,9.014222004538574
625,911,691,958,13,81.02468759581859,6.23266827660143
492,451,538,524,11,86.28441342444185,7.844037584040168
74,499,83,584,31,85.47514258543241,2.757262664046207
412,164,415,252,28,88.05112151472007,3.1446829112400025
375,181,460,279,44,129.72663566130126,2.9483326286659377
419,468,445,554,6,89.8443097808648,14.974051630144134
728,909,800,912,41,72.06247289678588,1.7576212901655093
276,734,324,810,16,89.88882021697692,5.618051263561058
760,822,826,914,4,113.22543883774529,28.30635970943632
675,943,745,973,35,76.15773105863909,2.1759351731039738
393,977,421,1067,48,94.25497334358543,1.9636452779913631
868,6,961,27,26,95.34149149242423,3.6669804420163166
456,329,482,357,12,38.2099463490856,3.1841621957571333
919,774,944,864,11,93.40770846134703,8.491609860122457
191,672,203,734,37,63.150613615387776,1.7067733409564263
738,150,743,183,25,33.37663853655727,1.335065541462291
688,84,786,169,18,129.72663566130126,7.2070353145167365
98,146,146,181,19,59.405386961116584,3.126599313742978
547,623,584,675,23,63.8200595424354,2.7747851974971915
977,380,1056,414,38,86.00581375697809,2.2633108883415285
998,914,1042,955,18,60.14149981501958,3.3411944341677544
95,547,110,598,26,53.16013544000805,2.044620593846463
663,284,706,331,6,63.702433234531945,10.617072205755324
662,699,710,781,4,95.01578816175763,23.753947040439407
189,81,276,139,44,104.5609869884557,2.3763860679194475
735,513,805,588,29,102.59142264341595,3.5376352635660675
36,896,82,953,34,73.24616030891995,2.154298832615293
779,814,822,837,17,48.76474136094644,2.8685141977027317
368,708,389,756,43,52.392747589718944,1.2184359904585802
694,915,717,937,43,31.827660925679098,0.7401781610623046
524,522,604,539,16,81.78630692236935,5.111644182648084
278,745,325,814,2,83.48652585896721,41.743262929483606
216,385,231,396,34,18.601075237738275,0.5470904481687728
866,706,891,800,8,97.26767191621273,12.158458989526592
872,470,908,485,13,39.0,3.0
797,118,872,209,42,117.92370414806346,2.807707241620559
272,395,323,430,8,61.85466837676846,7.731833547096057
880,531,895,564,30,36.24913792078372,1.2083045973594573
61,260,129,344,32,108.07404868885037,3.377314021526574
595,804,616,820,36,26.40075756488817,0.7333543768024492
879,933,892,967,47,36.40054944640259,0.7744797754553743
728,255,814,321,30,108.40664186294121,3.613554728764707
341,733,360,832,1,100.80674580602232,100.80674580602232
396,904,430,944,43,52.49761899362675,1.2208748603169013
698,225,776,253,39,82.87339742040264,2.124958908215452
18,52,86,99,17,82.66196223173026,4.862468366572368
176,939,228,978,20,65.0,3.25
611,866,638,936,24,75.02666192761077,3.126110913650449
395,499,424,572,22,78.54934754662193,3.570424888482815
444,505,472,525,29,34.40930106817051,1.1865276230403623
232,853,267,854,22,35.014282800023196,1.5915583090919634
914,363,922,435,44,72.44308110509934,1.6464336614795305
75,279,91,366,9,88.45903006477066,9.828781118307852
264,592,300,655,37,72.56031973468694,1.9610897225591066
454,713,484,780,10,73.40980860893181,7.340980860893181
795,157,813,161,36,18.439088914585774,0.5121969142940492
717,631,719,689,37,58.034472514187634,1.5684992571402063
734,58,783,83,28,55.00909015790027,1.9646103627821525
383,726,460,773,28,90.21086409075129,3.2218165746696887
563,127,567,165,42,38.2099463490856,0.909760627359181
850,735,940,750,43,91.2414379544733,2.1218939059179838
505,720,594,783,21,109.04127658827184,5.1924417422986595
366,881,460,902,24,96.317184344228,4.0132160143428335
143,114,218,213,42,124.2014492669067,2.9571773634977787
884,208,891,265,40,57.42821606144492,1.435705401536123
68,525,163,578,2,108.78419002777932,54.39209501388966
98,520,172,566,8,87.13208364316786,10.891510455395983
395,551,434,565,48,41.43669871020132,0.8632645564625275
24,961,37,1037,27,77.10382610480494,2.8556972631409234
947,236,978,253,22,35.35533905932738,1.6070608663330626
890,280,961,319,37,81.00617260431454,2.1893560163328254
468,358,531,367,27,63.63961030678928,2.3570226039551585
483,200,539,299,29,113.74093370462545,3.9221011622284636
564,757,606,834,3,87.70974860299168,29.236582867663895
150,277,211,356,44,99.80981915623332,2.2684049808234845
143,234,185,316,13,92.13034245024816,7.0869494192498586
568,493,624,590,45,112.0044641967453,2.488988093261007
38,3,74,9,10,36.49657518178932,3.6496575181789317
108,665,192,756,36,123.84264209067892,3.440073391407748
692,441,760,464,9,71.78439941937245,7.976044379930272
41,28,48,87,27,59.413803110051795,2.2005112262982145
185,108,239,199,34,105.8158778255891,3.1122317007526203
934,609,935,707,1,98.00510190801293,98.00510190801293
397,726,441,772,32,63.655321851358195,1.9892288078549436
222,804,267,842,25,58.89821729050889,2.3559286916203557
633,74,680,88,29,49.040799340956916,1.6910620462398938
132,837,145,909,7,73.16419889536138,10.452028413623054
162,145,184,207,49,65.7875368135941,1.3426027921141654
214,127,235,162,3,40.8166632639171,13.6055544213057
732,852,818,871,20,88.07383266328314,4.403691633164157
234,41,326,71,20,96.76776322722355,4.838388161361178
842,355,851,433,30,78.5175139698144,2.6172504656604803
657,40,683,124,35,87.93179174792243,2.512336907083498
750,933,759,958,35,26.570660511172846,0.7591617288906528
587,33,602,73,49,42.720018726587654,0.8718371168691358
8,16,18,104,39,88.56635930193812,2.270932289793285
73,676,161,690,27,89.10667763978185,3.3002473199919202
953,152,995,178,26,49.39635614091387,1.8998598515736105
491,997,563,1084,14,112.92918134831227,8.066370096308018
912,377,936,399,17,32.55764119219941,1.9151553642470243
252,587,332,635,18,93.29523031752481,5.183068350973601
229,598,278,681,45,96.38464608017192,2.1418810240038204
518,628,544,679,29,57.245087125446844,1.9739685215671325
173,873,264,876,20,91.0494371207203,4.552471856036015
652,341,689,383,27,55.97320787662612,2.073081773208375
167,980,235,999,18,70.60453243241541,3.9224740240230784
169,26,219,99,4,88.48163651289458,22.120409128223645
392,824,416,852,1,36.87817782917155,36.87817782917155
945,286,964,370,1,86.12200647918046,86.12200647918046
794,645,854,690,26,75.0,2.8846153846153846
633,730,672,801,45,81.00617260431454,1.8001371689847676
193,167,267,245,20,107.5174404457249,5.375872022286245
516,609,605,672,23,109.04127658827184,4.740925069055297
28,267,46,340,10,75.18643494673756,7.518643494673756
164,748,183,767,11,26.870057685088806,2.442732516826255
421,820,457,867,41,59.20304046246274,1.4439765966454325
338,454,412,468,41,75.31268153505093,1.836894671586608
647,905,744,943,5,104.17773274553444,20.835546549106887
495,684,550,737,1,76.38062581571324,76.38062581571324
364,400,433,461,17,92.09777413162601,5.417516125389765
832,921,879,957,22,59.20304046246274,2.6910472937483063
341,980,390,1020,34,63.25345840347388,1.8603958353962906
499,475,598,556,45,127.91403363196706,2.842534080710379
656,701,754,731,41,102.48902380255166,2.4997322878671135
510,633,543,642,29,34.20526275297414,1.1794918190680739
326,557,347,621,4,67.35725647619564,16.83931411904891
216,575,297,608,5,87.46427842267951,17.492855684535904
300,129,322,181,11,56.462376853972415,5.132943350361129
131,821,179,910,21,101.11874208078342,4.81517819432302
803,362,840,376,35,39.56008088970496,1.1302880254201417
69,704,84,779,12,76.48529270389177,6.373774391990981
251,818,286,871,26,63.51377803280167,2.442837616646218
414,692,506,791,19,135.14806694880988,7.11305615520052
786,291,857,350,45,92.31467922275417,2.051437316061204
444,370,476,448,7,84.30895563343196,12.04413651906171
875,793,886,887,47,94.64142856064674,2.0136474161839732
181,28,191,69,7,42.20189569201838,6.028842241716911
166,148,239,216,26,99.76472322419383,3.8371047393920703
90,778,168,846,40,103.47946656221224,2.586986664055306
713,295,790,387,5,119.97082978791136,23.994165957582272
857,10,914,18,21,57.55866572463264,2.740888844030126
530,511,555,513,14,25.079872407968907,1.7914194577120648
38,675,40,761,4,86.02325267042627,21.50581316760657
125,112,189,153,23,76.00657866263946,3.3046338548973675
450,186,485,241,42,65.19202405202648,1.5521910488577735
172,806,179,822,20,17.46424919657298,0.8732124598286489
652,743,737,836,15,125.99206324209474,8.399470882806316
753,226,771,288,45,64.5600495662759,1.4346677681394644
219,309,286,357,29,82.41965784932621,2.842057167218145
637,97,679,127,8,51.61395160225576,6.45174395028197
57,54,96,66,41,40.80441152620633,0.9952295494196666
659,622,700,657,48,53.907327887774215,1.1230693309952962
475,663,550,674,19,75.8023746329889,3.9895986648941526
455,757,479,821,48,68.35202996254024,1.4240006242195884
828,405,888,455,39,78.10249675906654,2.002628122027347
894,68,940,153,46,96.64884893261792,2.101061933317781
360,311,379,332,28,28.319604517012593,1.0114144470361641
934,288,1002,357,46,96.87620966986684,2.1060045580405835
0,761,90,809,27,102.0,3.7777777777777777
386,547,428,567,4,46.51881339845203,11.629703349613008
972,750,1004,817,15,74.24957912338628,4.9499719415590855
347,147,386,191,35,58.7962583843564,1.6798930966958971
189,466,225,499,37,48.83646178829912,1.319904372656733
504,738,601,811,1,121.40016474453401,121.40016474453401
190,243,226,304,3,70.83078426785913,23.61026142261971
507,490,510,499,47,9.486832980505138,0.20184751022351358
368,848,441,916,24,99.76472322419383,4.156863467674743
408,957,416,992,27,35.90264614203248,1.329727634890092
823,506,920,587,40,126.37246535539299,3.159311633884825
928,364,998,462,36,120.43255373859678,3.3453487149610215
933,481,974,569,34,97.082439194738,2.855365858668765
116,200,184,296,29,117.64352935882194,4.056673426166274
133,153,146,218,24,66.2872536767062,2.7619689031960917
57,449,106,457,24,49.64876634922564,2.0686985978844015
555,500,615,545,42,75.0,1.7857142857142858
684,72,686,159,4,87.02298546935747,21.755746367339366
671,712,731,759,3,76.21679604916491,25.405598683054972
172,295,177,335,34,40.311288741492746,1.185626139455669
828,16,872,92,49,87.8179936004006,1.7922039510285837
814,640,841,694,23,60.37383539249432,2.6249493648910573
148,216,180,292,23,82.46211251235322,3.5853092396675312
79,60,100,106,45,50.566787519082126,1.1237063893129362
885,938,893,985,5,47.67598976424087,9.535197952848174
212,615,284,630,31,73.54590403278758,2.372448517186696
202,41,252,60,41,53.48831648126533,1.3045930849089105
763,24,830,50,6,71.8679344353238,11.977989072553967
228,38,272,90,37,68.11754546370561,1.8410147422623138
675,802,733,895,10,109.60383204979651,10.960383204979651
226,130,229,152,40,22.20360331117452,0.555090082779363
658,497,744,518,7,88.52683209061533,12.646690298659333
531,228,601,279,39,86.6083136886985,2.2207259920179103
440,107,442,145,38,38.05259518088089,1.001384083707392
401,171,488,191,21,89.26925562588724,4.250916934566059
46,434,90,463,20,52.69724850502159,2.6348624252510797
232,477,234,528,3,51.03920062069938,17.013066873566462
304,101,385,105,22,81.09870529176159,3.6863047859891633
525,865,560,920,47,65.19202405202648,1.3870643415324784
142,523,240,594,4,121.01652779682617,30.254131949206542
414,274,501,366,28,126.62148316932637,4.522195827475942
512,612,542,640,12,41.036569057366385,3.4197140881138655
372,43,380,47,38,8.94427190999916,0.23537557657892524
565,954,587,976,36,31.11269837220809,0.8642416214502248
885,816,929,892,47,87.8179936004006,1.8684679489446936
258,956,316,1001,41,73.40980860893181,1.790483136803215
655,16,691,83,5,76.05918747922567,15.211837495845135
470,329,539,415,13,110.25878649794764,8.481445115226741
952,568,1029,634,23,101.41498903022176,4.409347349140076
970,822,1063,910,30,128.03515142334936,4.267838380778312
11,496,42,530,37,46.010868281309364,1.2435369805759287
329,814,376,905,25,102.42070103255493,4.096828041302198
735,11,790,66,48,77.78174593052023,1.6204530402191715
783,317,863,318,27,80.00624975587844,2.9631944354029054
967,591,1029,663,14,95.01578816175763,6.786842011554116
357,215,387,302,48,92.02716990106781,1.917232706272246
971,338,1026,376,47,66.85057965343307,1.4223527585836824
407,775,423,781,36,17.08800749063506,0.4746668747398628
667,990,679,1076,39,86.83317338436964,2.2264916252402474
372,660,389,685,16,30.23243291566195,1.8895270572288718
7,80,23,162,22,83.54639429682169,3.7975633771282586
121,726,133,743,21,20.808652046684813,0.9908881926992767
347,484,355,545,21,61.5223536610881,2.9296358886232428
675,373,759,385,8,84.8528137423857,10.606601717798213
89,975,92,981,49,6.708203932499369,0.1369021210714157
647,709,663,799,16,91.41115905621152,5.71319744101322
697,199,727,226,31,40.36087214122113,1.3019636174587461
315,536,338,544,42,24.351591323771842,0.5797997934231391
177,465,269,548,10,123.90722335683259,12.39072233568326
539,88,544,153,32,65.19202405202648,2.0372507516258276
731,267,815,324,34,101.51354589413178,2.9856925262979934
868,654,933,747,9,113.46365056704283,12.607072285226982
40,570,70,669,17,103.4456378974,6.085037523376471
739,921,760,961,11,45.17742799230607,4.107038908391461
703,488,787,502,32,85.15867542417507,2.661208607005471
922,876,992,911,10,78.26237921249263,7.826237921249263
501,537,523,585,22,52.80151512977634,2.4000688695352883
958,46,1040,130,17,117.38824472663352,6.90519086627256
144,287,216,343,4,91.21403400793103,22.80350850198276
200,777,232,826,48,58.52349955359813,1.2192395740332944
928,15,961,28,47,35.4682957019364,0.7546445894029021
723,710,739,771,25,63.06346010171025,2.52253840406841
460,400,536,449,21,90.4267659490264,4.306036473763162
731,918,769,964,37,59.665735560705194,1.6125874475866269
751,793,849,855,38,115.96551211459379,3.051724003015626
924,980,938,988,49,16.1245154965971,0.3290717448285122
908,85,944,128,1,56.08029957123981,56.08029957123981
557,249,654,269,25,99.04039579888602,3.961615831955441
546,390,569,487,36,99.68951800465283,2.769153277907023
252,781,318,871,17,111.60645142642964,6.565085378025273
389,334,474,373,41,93.5200513259055,2.280976861607451
593,628,595,713,24,85.0235261559999,3.5426469231666626
882,518,973,567,2,103.3537614216338,51.6768807108169
255,136,328,200,40,97.082439194738,2.42706097986845
708,882,773,944,15,89.8276126811795,5.988507512078633
814,687,889,741,32,92.41753080449618,2.8880478376405057
920,839,987,848,39,67.60177512462228,1.7333788493492892
449,497,501,585,6,102.2154587134451,17.035909785574184
9,826,71,863,1,72.20110802473879,72.20110802473879
823,726,846,775,47,54.12947441089743,1.1516909449127113
797,476,823,517,23,48.54894437575342,2.1108236685110184
241,593,309,610,39,70.09279563550022,1.7972511701410314
250,222,332,310,17,120.28299963003916,7.075470566472892
